"ID";"Heure";"Valeur"
1002837;0;0,0168336673346693
1002837;1;0,00841683366733467
1002837;2;0,0168336673346693
1002837;3;0,12625250501002
1002837;4;1,8
1002837;5;1,85891783567134
1002837;6;1,77595190380762
1002837;7;0,967935871743487
1002837;8;1,97194388777555
1002837;9;1,06412825651303
1002837;10;2,47454909819639
1002837;11;3,52184368737475
1002837;12;2,83647294589178
1002837;13;1,02324649298597
1002837;14;2,47454909819639
1002837;15;0,580761523046092
1002837;16;0,826052104208417
1002837;17;0,120240480961924
1002837;18;0,328256513026052
1002837;19;0,103406813627255
1002837;20;0,0348697394789579
1002837;21;0,0348697394789579
1002837;22;0,0168336673346693
1002837;23;0,0168336673346693
1004601;0;0,0240408694781128
1004601;1;0,0276469998998297
1004601;2;0,0264449564259241
1004601;3;0,0252429129520184
1004601;4;0,109385956125413
1004601;5;0,161073825503356
1004601;6;0,39427025944105
1004601;7;3,69147550836422
1004601;8;1,99178603626164
1004601;9;1,15275969147551
1004601;10;3,04237203245517
1004601;11;1,08183912651508
1004601;12;1,38956225583492
1004601;13;2,91134929379946
1004601;14;2,1744966442953
1004601;15;3,91745968145848
1004601;16;1,32825803866573
1004601;17;0,336572172693579
1004601;18;0,0865471301212061
1004601;19;0,0240408694781128
1004601;20;0,0240408694781128
1004601;21;0,0276469998998297
1004601;22;0,0240408694781128
1004601;23;0,0276469998998297
1004954;0;0
1004954;1;0
1004954;2;0,020352172394872
1004954;3;0
1004954;4;0
1004954;5;0,136479273706789
1004954;6;0,903875891654612
1004954;7;1,51084950366638
1004954;8;2,32972514590712
1004954;9;2,45183818027635
1004954;10;2,59190901381753
1004954;11;2,89958597296354
1004954;12;1,4485957998703
1004954;13;1,42225769441812
1004954;14;3,39282685688632
1004954;15;2,23873896343593
1004954;16;1,14570758717015
1004954;17;1,50725794383199
1004954;18;0
1004954;19;0
1004954;20;0
1004954;21;0
1004954;22;0
1004954;23;0
1006082;0;0,0888177635527106
1006082;1;0,0816163232646529
1006082;2;0,0816163232646529
1006082;3;0,0888177635527106
1006082;4;0,0816163232646529
1006082;5;0,141628325665133
1006082;6;0,39127825565113
1006082;7;1,42588517703541
1006082;8;2,46769353870774
1006082;9;4,10962192438488
1006082;10;1,08261652330466
1006082;11;2,37407481496299
1006082;12;1,17143428685737
1006082;13;2,11002200440088
1006082;14;6,08281656331266
1006082;15;0,235247049409882
1006082;16;0,405681136227245
1006082;17;1,08261652330466
1006082;18;0,0888177635527106
1006082;19;0,0816163232646529
1006082;20;0,0816163232646529
1006082;21;0,0816163232646529
1006082;22;0,0816163232646529
1006082;23;0,0816163232646529
1014802;0;0,944825171327097
1014802;1;0,926817067680456
1014802;2;0,908808964033815
1014802;3;0,908808964033815
1014802;4;0,908808964033815
1014802;5;1,08408783952779
1014802;6;0,926817067680456
1014802;7;1,00125056275324
1014802;8;1,00125056275324
1014802;9;1,0216597468861
1014802;10;1,04206893101896
1014802;11;1,04206893101896
1014802;12;1,06247811515182
1014802;13;1,0216597468861
1014802;14;1,0216597468861
1014802;15;1,04206893101896
1014802;16;1,04206893101896
1014802;17;1,00125056275324
1014802;18;1,00125056275324
1014802;19;1,00125056275324
1014802;20;1,00125056275324
1014802;21;1,00125056275324
1014802;22;1,10449702366065
1014802;23;0,982041918863489
1031608;0;0,964812030075188
1031608;1;0,964812030075188
1031608;2;0,964812030075188
1031608;3;0,964812030075188
1031608;4;0,964812030075188
1031608;5;1,00330827067669
1031608;6;1,22225563909774
1031608;7;1,12842105263158
1031608;8;1,00330827067669
1031608;9;1,00330827067669
1031608;10;1,00330827067669
1031608;11;1,00330827067669
1031608;12;1,00330827067669
1031608;13;1,00330827067669
1031608;14;1,00330827067669
1031608;15;1,00330827067669
1031608;16;1,00330827067669
1031608;17;1,00330827067669
1031608;18;0,964812030075188
1031608;19;0,964812030075188
1031608;20;0,964812030075188
1031608;21;0,964812030075188
1031608;22;0,964812030075188
1031608;23;0,964812030075188
1043635;0;0,0691299165673421
1043635;1;0,0548271752085816
1043635;2;0,0691299165673421
1043635;3;0,0691299165673421
1043635;4;0,0691299165673421
1043635;5;0,0691299165673421
1043635;6;0,435041716328963
1043635;7;1,39928486293206
1043635;8;1,21096543504172
1043635;9;2,01430274135876
1043635;10;3,00357568533969
1043635;11;2,36352800953516
1043635;12;1,82479141835518
1043635;13;1,86293206197855
1043635;14;1,93325387365912
1043635;15;1,82479141835518
1043635;16;1,6507747318236
1043635;17;2,32419547079857
1043635;18;1,16448152562575
1043635;19;0,262216924910608
1043635;20;0,0941597139451728
1043635;21;0,0810488676996424
1043635;22;0,0810488676996424
1043635;23;0,0691299165673421
1052051;0;0,428120458986822
1052051;1;0,381219622187704
1052051;2;1,43348198627048
1052051;3;1,33126221375958
1052051;4;0,65420654406975
1052051;5;0,689081525279351
1052051;6;1,21581400010022
1052051;7;0,882697800270582
1052051;8;0,615723806183294
1052051;9;1,40461993285564
1052051;10;0,762439244375407
1052051;11;2,17307210502581
1052051;12;1,20739590118755
1052051;13;2,41960214461091
1052051;14;1,28436137696047
1052051;15;0,660219471864509
1052051;16;0,772059928847021
1052051;17;0,501478178082878
1052051;18;1,44671042741895
1052051;19;0,714335822017337
1052051;20;1,28436137696047
1052051;21;0,464198025755374
1052051;22;0,501478178082878
1052051;23;0,772059928847021
1054743;0;0,826298619824341
1054743;1;0,810639899623588
1054743;2;0,843161856963614
1054743;3;0,779322459222083
1054743;4;0,860025094102886
1054743;5;1,15272271016311
1054743;6;1,3996486825596
1054743;7;0,913023839397741
1054743;8;0,966022584692597
1054743;9;0,947954830614805
1054743;10;1,48276035131744
1054743;11;0,876888331242158
1054743;12;0,896160602258469
1054743;13;0,876888331242158
1054743;14;0,876888331242158
1054743;15;0,987703889585947
1054743;16;0,913023839397741
1054743;17;2,11754077791719
1054743;18;1,15272271016311
1054743;19;0,947954830614805
1054743;20;0,843161856963614
1054743;21;0,843161856963614
1054743;22;0,843161856963614
1054743;23;0,843161856963614
1055458;0;0,963218735925537
1055458;1;0,945203422909473
1055458;2;0,963218735925537
1055458;3;0,964419756793274
1055458;4;0,945203422909473
1055458;5;1,00165140369314
1055458;6;1,02206875844468
1055458;7;1,00165140369314
1055458;8;1,02206875844468
1055458;9;1,02206875844468
1055458;10;1,02206875844468
1055458;11;1,02206875844468
1055458;12;1,02206875844468
1055458;13;1,02206875844468
1055458;14;1,00285242456088
1055458;15;1,04248611319622
1055458;16;1,02206875844468
1055458;17;1,02206875844468
1055458;18;1,00165140369314
1055458;19;1,00165140369314
1055458;20;1,00165140369314
1055458;21;0,982435069809338
1055458;22;1,00165140369314
1055458;23;0,982435069809338
1055952;0;0
1055952;1;0,100679184978026
1055952;2;0
1055952;3;0
1055952;4;0
1055952;5;0
1055952;6;2,05193767479025
1055952;7;2,77107471034758
1055952;8;2,79744306831802
1055952;9;0,192968437874551
1055952;10;1,75349580503396
1055952;11;3,39672393128246
1055952;12;1,73312025569317
1055952;13;1,54015181781862
1055952;14;4,0247702756692
1055952;15;2,10827007590891
1055952;16;0,382341190571314
1055952;17;1,14702357171394
1055952;18;0
1055952;19;0
1055952;20;0
1055952;21;0
1055952;22;0
1055952;23;0
1056630;0;0
1056630;1;0
1056630;2;0
1056630;3;0
1056630;4;0
1056630;5;23,1096
1056630;6;0,8904
1056630;7;0
1056630;8;0
1056630;9;0
1056630;10;0
1056630;11;0
1056630;12;0
1056630;13;0
1056630;14;0
1056630;15;0
1056630;16;0
1056630;17;0
1056630;18;0
1056630;19;0
1056630;20;0
1056630;21;0
1056630;22;0
1056630;23;0
1056682;0;0,996514985562083
1056682;1;0,996514985562083
1056682;2;0,996514985562083
1056682;3;0,996514985562083
1056682;4;1,01682764114308
1056682;5;0,996514985562083
1056682;6;0,996514985562083
1056682;7;0,996514985562083
1056682;8;0,996514985562083
1056682;9;1,01682764114308
1056682;10;0,996514985562083
1056682;11;0,996514985562083
1056682;12;0,996514985562083
1056682;13;0,996514985562083
1056682;14;0,996514985562083
1056682;15;0,996514985562083
1056682;16;0,977397192074081
1056682;17;0,977397192074081
1056682;18;1,03714029672409
1056682;19;0,996514985562083
1056682;20;0,996514985562083
1056682;21;1,01682764114308
1056682;22;1,01682764114308
1056682;23;0,996514985562083
1059732;0;1,04473420260782
1059732;1;1,00381143430291
1059732;2;1,04473420260782
1059732;3;0,929187562688064
1059732;4;1,00381143430291
1059732;5;1,04473420260782
1059732;6;1,00381143430291
1059732;7;1,00381143430291
1059732;8;1,04473420260782
1059732;9;1,04473420260782
1059732;10;1,00381143430291
1059732;11;1,04473420260782
1059732;12;0,929187562688064
1059732;13;0,965295887662989
1059732;14;0,929187562688064
1059732;15;1,00381143430291
1059732;16;1,04473420260782
1059732;17;1,00381143430291
1059732;18;0,965295887662989
1059732;19;0,965295887662989
1059732;20;1,00381143430291
1059732;21;0,965295887662989
1059732;22;1,00381143430291
1059732;23;1,00381143430291
1061547;0;0
1061547;1;0
1061547;2;0
1061547;3;0,0626757734029731
1061547;4;0
1061547;5;0
1061547;6;0,171153073523503
1061547;7;2,03696263559663
1061547;8;1,48734431498594
1061547;9;3,96785857774207
1061547;10;5,22137404580153
1061547;11;3,136199276818
1061547;12;0,0843712334270792
1061547;13;1,431900361591
1061547;14;2,29248694254721
1061547;15;3,136199276818
1061547;16;0,19284853354761
1061547;17;0,0723182000803536
1061547;18;0,110887906789875
1061547;19;0,349537967055042
1061547;20;0,245881880273202
1061547;21;0
1061547;22;0
1061547;23;0
1063246;0;1,51243383601318
1063246;1;1,4537101767702
1063246;2;2,77439328872466
1063246;3;1,94866673324678
1063246;4;1,07979626485569
1063246;5;1,41895535803456
1063246;6;1,76530510336562
1063246;7;0,964745830420453
1063246;8;1,06062119244982
1063246;9;1,49086187955658
1063246;10;1,14690901827624
1063246;11;1,53280735044442
1063246;12;0,824528113452512
1063246;13;0,254069709377809
1063246;14;0,345151303305703
1063246;15;0,535703585339059
1063246;16;0,474583042045341
1063246;17;0,568061520023969
1063246;18;0,334365325077399
1063246;19;0,34634974533107
1063246;20;0,340357535204235
1063246;21;0,200139818236293
1063246;22;0,230100868870468
1063246;23;1,39738340157795
1063511;0;0,148852098234382
1063511;1;0,129645375881559
1063511;2;0,184864702645926
1063511;3;0,390136547791727
1063511;4;0,896713849847447
1063511;5;1,57495123293153
1063511;6;1,40449157205022
1063511;7;1,95188315910569
1063511;8;2,1247436602811
1063511;9;2,23878357425099
1063511;10;2,06952433351673
1063511;11;2,19676886910419
1063511;12;1,97589156204672
1063511;13;1,8030310608713
1063511;14;1,6349722402841
1063511;15;0,83429200220077
1063511;16;0,792277297053969
1063511;17;0,279697894262992
1063511;18;0,264092432351323
1063511;19;0,205271845145801
1063511;20;0,264092432351323
1063511;21;0,129645375881559
1063511;22;0,279697894262992
1063511;23;0,225678987645676
1063988;0;0,00399866711096301
1063988;1;0,0199933355548151
1063988;2;0,0207930689770077
1063988;3;0,0447850716427857
1063988;4;0,0719760079973342
1063988;5;0,905298233922026
1063988;6;2,2808397200933
1063988;7;1,89296901032989
1063988;8;3,19653448850383
1063988;9;1,7402199266911
1063988;10;1,73622125958014
1063988;11;1,97294235254915
1063988;12;1,6002665778074
1063988;13;1,34515161612796
1063988;14;1,64985004998334
1063988;15;1,66184605131623
1063988;16;0,97407530823059
1063988;17;0,281506164611796
1063988;18;0,77734088637121
1063988;19;0,919693435521493
1063988;20;0,858113962012663
1063988;21;0,0223925358213929
1063988;22;0,0175941352882373
1063988;23;0,00559813395534822
1065322;0;0,411004044136003
1065322;1;0,457736282390534
1065322;2;0,444555394677717
1065322;3;0,411004044136003
1065322;4;0,510459833241799
1065322;5;0,499675470567677
1065322;6;2,61221229217634
1065322;7;3,94827500124819
1065322;8;0,246842078985471
1065322;9;0,342703080533227
1065322;10;0,433771032003595
1065322;11;0,781267162614209
1065322;12;0,878326426681312
1065322;13;0,192920265614858
1065322;14;0,240850766388736
1065322;15;0,722552299166209
1065322;16;2,16526037245993
1065322;17;2,434869439313
1065322;18;1,30011483349144
1065322;19;1,3528383843427
1065322;20;1,20185730690499
1065322;21;1,30011483349144
1065322;22;0,699785311298617
1065322;23;0,411004044136003
1066046;0;0,394112346049865
1066046;1;0,49744668068489
1066046;2;0,43015920696906
1066046;3;0,0781015319915891
1066046;4;0,234304595974767
1066046;5;0,973265244818264
1066046;6;1,0225292880745
1066046;7;1,1703214178432
1066046;8;1,79753679783719
1066046;9;1,33493541604085
1066046;10;0,910784019224993
1066046;11;0,690898167617903
1066046;12;0,85791528987684
1066046;13;0,495043556623611
1066046;14;0,841093421447882
1066046;15;0,825473115049564
1066046;16;1,32051667167318
1066046;17;1,7374586963052
1066046;18;2,89215980775008
1066046;19;1,2700510663863
1066046;20;1,17392610393512
1066046;21;1,17392610393512
1066046;22;1,00330429558426
1066046;23;0,874737158305798
1066085;0;0
1066085;1;0,0131598624196202
1066085;2;0
1066085;3;0
1066085;4;0,0131598624196202
1066085;5;0
1066085;6;1,43921040825482
1066085;7;2,58770749214895
1066085;8;3,86301779572304
1066085;9;0,0131598624196202
1066085;10;0,00957080903245102
1066085;11;1,01091670405264
1066085;12;2,41304022730671
1066085;13;5,30342455510692
1066085;14;3,83550171975475
1066085;15;3,28876925377598
1066085;16;0,173470913713175
1066085;17;0,00957080903245102
1066085;18;0
1066085;19;0,0131598624196202
1066085;20;0
1066085;21;0,0131598624196202
1066085;22;0
1066085;23;0
1067082;0;2,37859504960417
1067082;1;1,0846778234292
1067082;2;1,00290610281591
1067082;3;1,42860006012627
1067082;4;0,440124260947991
1067082;5;2,11403948291412
1067082;6;1,80619300531115
1067082;7;0,536326285198918
1067082;8;1,95530614290009
1067082;9;0,423288906704079
1067082;10;0,762401042188596
1067082;11;0,216454554564586
1067082;12;0,170758593045395
1067082;13;0,0481010121254635
1067082;14;0,108227277282293
1067082;15;0,0721515181881952
1067082;16;0,170758593045395
1067082;17;0,440124260947991
1067082;18;1,80619300531115
1067082;19;1,04379196312256
1067082;20;1,87834452349935
1067082;21;1,67151017135986
1067082;22;1,73644653772923
1067082;23;0,70467982763804
1068351;0;0,193190340482976
1068351;1;0,140392980350982
1068351;2;0,452377381130943
1068351;3;0,715164241787911
1068351;4;0,506374681265937
1068351;5;0,87715614219289
1068351;6;1,5743212839358
1068351;7;1,86710664466777
1068351;8;1,96310184490775
1068351;9;1,88030598470077
1068351;10;2,3734813259337
1068351;11;2,29668516574171
1068351;12;1,69911504424779
1068351;13;1,54192290385481
1068351;14;1,22153892305385
1068351;15;1,00434978251087
1068351;16;1,04394780260987
1068351;17;0,874756262186891
1068351;18;0,369581520923954
1068351;19;0,415179241037948
1068351;20;0,275986200689965
1068351;21;0,275986200689965
1068351;22;0,244787760611969
1068351;23;0,193190340482976
1071135;0;0,514277171475557
1071135;1;0,590820750485872
1071135;2;0,597996711018089
1071135;3;0,682912243982658
1071135;4;0,617132605770668
1071135;5;0,807295559874421
1071135;6;1,10031394827328
1071135;7;3,57004036477799
1071135;8;0,913738974435641
1071135;9;0,863507250710121
1071135;10;1,21512931678876
1071135;11;0,808491553296457
1071135;12;1,05965017192405
1071135;13;1,7915981462102
1071135;14;2,1288682912244
1071135;15;2,16355210046345
1071135;16;0,947226790252654
1071135;17;0,525041112273883
1071135;18;0,455673493795784
1071135;19;0,560920914934968
1071135;20;0,485573329346689
1071135;21;0,513081178053521
1071135;22;0,542981013604425
1071135;23;0,544177007026461
1071491;0;0,175463194792188
1071491;1;0,242764146219329
1071491;2;0,332899349023535
1071491;3;1,50946419629444
1071491;4;0,438657986980471
1071491;5;1,83755633450175
1071491;6;1,64046069103655
1071491;7;2,42283425137707
1071491;8;0,858087130696044
1071491;9;1,64286429644467
1071491;10;0,74872308462694
1071491;11;0,175463194792188
1071491;12;3,00931397095643
1071491;13;0,376164246369554
1071491;14;1,19819729594392
1071491;15;0,640560841261893
1071491;16;0,495142714071107
1071491;17;0,475913870806209
1071491;18;0,370155232849274
1071491;19;2,24496745117677
1071491;20;1,06479719579369
1071491;21;1,45778668002003
1071491;22;0,438657986980471
1071491;23;0,203104656985478
1072237;0;0,74510326449034
1072237;1;1,42544970019987
1072237;2;0,868221185876083
1072237;3;0,970552964690207
1072237;4;1,46542305129913
1072237;5;1,88514323784144
1072237;6;1,78041305796136
1072237;7;0,739506995336442
1072237;8;1,22798134576949
1072237;9;0,365356429047302
1072237;10;0,768287808127915
1072237;11;0,37255163224517
1072237;12;1,04330446369087
1072237;13;0,364556962025316
1072237;14;0,446902065289807
1072237;15;0,476482345103264
1072237;16;0,437308461025983
1072237;17;0,675549633577615
1072237;18;0,5236508994004
1072237;19;1,86595602931379
1072237;20;1,82598267821452
1072237;21;1,26235842771486
1072237;22;1,45982678214524
1072237;23;1,00413057961359
1072770;0;0,0214818498259572
1072770;1;0,0453505718547986
1072770;2;0,0453505718547986
1072770;3;0,0214818498259572
1072770;4;0,0453505718547986
1072770;5;0,114569865738439
1072770;6;0,756638488314271
1072770;7;2,26991546494281
1072770;8;1,65887618100448
1072770;9;4,97185479860766
1072770;10;2,98597712580806
1072770;11;2,45370462456489
1072770;12;1,53237195425162
1072770;13;1,53237195425162
1072770;14;1,86414719045251
1072770;15;2,36061660865241
1072770;16;0,55375435106912
1072770;17;0,472600696171059
1072770;18;0,0907011437095972
1072770;19;0,0453505718547986
1072770;20;0,0453505718547986
1072770;21;0,0453505718547986
1072770;22;0,0453505718547986
1072770;23;0,0214818498259572
1073090;0;0,353487443207349
1073090;1;4,69718907584003
1073090;2;0,258824704178941
1073090;3;0,34150481801388
1073090;4;0,382245743671676
1073090;5;3,33236806630386
1073090;6;2,25273353637226
1073090;7;0,793249787807679
1073090;8;0,913076039742374
1073090;9;0,807628938039842
1073090;10;1,04728144190923
1073090;11;2,04423585800589
1073090;12;1,46427679864197
1073090;13;0,675820060911678
1073090;14;0,925058664935843
1073090;15;0,638673922811923
1073090;16;0,51405462079984
1073090;17;0,448150182235758
1073090;18;0,353487443207349
1073090;19;0,382245743671676
1073090;20;0,353487443207349
1073090;21;0,285186479604573
1073090;22;0,353487443207349
1073090;23;0,382245743671676
1074237;0;0,234053139615882
1074237;1;0,26987759976117
1074237;2;0,389292466912131
1074237;3;0,518260523435168
1074237;4;1,31236938998905
1074237;5;0,352273858095333
1074237;6;1,21564334759678
1074237;7;1,41864862175341
1074237;8;2,23066971837994
1074237;9;1,65270176136929
1074237;10;1,90347298238631
1074237;11;1,73032142501741
1074237;12;2,36202607224599
1074237;13;2,41337446512091
1074237;14;1,59896507115136
1074237;15;0,790526420539357
1074237;16;0,888446611603145
1074237;17;0,374962682854015
1074237;18;0,321225992636083
1074237;19;0,555279132251965
1074237;20;0,456164792516668
1074237;21;0,296148870534382
1074237;22;0,374962682854015
1074237;23;0,340332371380237
1075178;0;0,0287539936102236
1075178;1;0,0335463258785942
1075178;2;0,023961661341853
1075178;3;0,0287539936102236
1075178;4;0,0898562300319489
1075178;5;0,196485623003195
1075178;6;0,384584664536741
1075178;7;0,607428115015974
1075178;8;1,66533546325879
1075178;9;3,79313099041534
1075178;10;1,21725239616613
1075178;11;4,79952076677316
1075178;12;3,64696485623003
1075178;13;1,47843450479233
1075178;14;1,39576677316294
1075178;15;2,19009584664537
1075178;16;1,39576677316294
1075178;17;0,775159744408946
1075178;18;0,0958466453674122
1075178;19;0,0383386581469649
1075178;20;0,0287539936102236
1075178;21;0,0287539936102236
1075178;22;0,0287539936102236
1075178;23;0,0287539936102236
1075179;0;0,00238568588469185
1075179;1;0,00119284294234592
1075179;2;0,00119284294234592
1075179;3;0,00238568588469185
1075179;4;0,0131212723658052
1075179;5;0,0238568588469185
1075179;6;2,60636182902585
1075179;7;3,56660039761431
1075179;8;3,09065606361829
1075179;9;2,15546719681909
1075179;10;3,63339960238569
1075179;11;1,69025844930417
1075179;12;1,75705765407555
1075179;13;2,70536779324056
1075179;14;1,86560636182903
1075179;15;0,532007952286282
1075179;16;0,0345924453280318
1075179;17;0,137176938369781
1075179;18;0,121669980119284
1075179;19;0
1075179;20;0,00238568588469185
1075179;21;0,0345924453280318
1075179;22;0,00119284294234592
1075179;23;0,0214711729622266
1075227;0;0,0515072868836095
1075227;1;2,41485326412458
1075227;2;3,71690956278698
1075227;3;0,446795767618287
1075227;4;0,79776402475544
1075227;5;0,838490716709922
1075227;6;0,822918746256738
1075227;7;1,40147734078658
1075227;8;2,15252545418247
1075227;9;2,67358754242364
1075227;10;2,08305050908365
1075227;11;1,3691355559992
1075227;12;0,979836294669595
1075227;13;0,576162906767818
1075227;14;0,524655619884208
1075227;15;0,4647634258335
1075227;16;0,397684168496706
1075227;17;0,41325613894989
1075227;18;0,382112198043522
1075227;19;0,543821121980435
1075227;20;0,228788181273707
1075227;21;0,523457776003194
1075227;22;0,13775204631663
1075227;23;0,0586943501696945
1077705;0;0
1077705;1;0
1077705;2;0,350024888003982
1077705;3;0,606869089099054
1077705;4;0,0453957192633151
1077705;5;0,585365853658537
1077705;6;2,47884519661523
1077705;7;1,14086610253858
1077705;8;0,36794425087108
1077705;9;1,23763066202091
1077705;10;3,37242409158785
1077705;11;3,38556495769039
1077705;12;1,8337481333997
1077705;13;0,959283225485316
1077705;14;2,7655550024888
1077705;15;2,06311597809856
1077705;16;2,41314086610254
1077705;17;0,359581881533101
1077705;18;0
1077705;19;0,0346441015430562
1077705;20;0
1077705;21;0
1077705;22;0
1077705;23;0
1077721;0;0,549297886162611
1077721;1;0,549297886162611
1077721;2;0,606866223577033
1077721;3;0,825146169606716
1077721;4;0,560091949427815
1077721;5;1,12138323921843
1077721;6;1,73424616460946
1077721;7;1,21852980860527
1077721;8;1,76662835440508
1077721;9;2,15041727050122
1077721;10;1,2916895707361
1077721;11;1,69946529408825
1077721;12;2,06766278546799
1077721;13;1,69946529408825
1077721;14;0,839538253960322
1077721;15;0,745989705661886
1077721;16;0,745989705661886
1077721;17;0,484533506571386
1077721;18;0,567287991604618
1077721;19;0,745989705661886
1077721;20;0,554095247613812
1077721;21;0,666833241717056
1077721;22;0,366998151016941
1077721;23;0,44255659387337
1079045;0;0
1079045;1;0,00720648583725353
1079045;2;0
1079045;3;0,0300270243218897
1079045;4;0
1079045;5;0,00720648583725353
1079045;6;4,46201581423281
1079045;7;5,22109898909018
1079045;8;0,445601040936843
1079045;9;2,03222900610549
1079045;10;0,741066960264238
1079045;11;1,90011009908918
1079045;12;1,60104093684316
1079045;13;0,546491842658393
1079045;14;0,00360324291862676
1079045;15;2,94505054549094
1079045;16;0,201781603443099
1079045;17;1,96496847162446
1079045;18;0
1079045;19;0
1079045;20;1,89050145130618
1079045;21;0
1079045;22;0
1079045;23;0
1080173;0;0,111066878980892
1080173;1;0
1080173;2;0,111066878980892
1080173;3;0,0513535031847134
1080173;4;0,111066878980892
1080173;5;0,503980891719745
1080173;6;0,438296178343949
1080173;7;1,06648089171975
1080173;8;1,53343949044586
1080173;9;1,97890127388535
1080173;10;2,19028662420382
1080173;11;2,3515127388535
1080173;12;3,43949044585987
1080173;13;2,20342356687898
1080173;14;2,05772292993631
1080173;15;2,19028662420382
1080173;16;2,10668789808917
1080173;17;0,999601910828025
1080173;18;0,111066878980892
1080173;19;0,333200636942675
1080173;20;0,111066878980892
1080173;21;0
1080173;22;0
1080173;23;0
1080373;0;0,043083674079984
1080373;1;0
1080373;2;0,043083674079984
1080373;3;0
1080373;4;0,326717861773212
1080373;5;0,465543033808716
1080373;6;1,41577740101725
1080373;7;0,925102223995213
1080373;8;2,45098234766131
1080373;9;1,04238555899072
1080373;10;6,08556896379775
1080373;11;1,96988132043483
1080373;12;1,63239254014162
1080373;13;1,31165852199063
1080373;14;1,57494764136831
1080373;15;0,473920414879824
1080373;16;0,552907150693129
1080373;17;0,345866161364316
1080373;18;0,982547122768525
1080373;19;0,728832153186397
1080373;20;0,3889498354443
1080373;21;0,598384362222001
1080373;22;0,511020245337588
1080373;23;0,130447790964396
1080638;0;1,16909562786983
1080638;1;0,555799560790577
1080638;2;0,534238370932322
1080638;3;0,625274505889399
1080638;4;0,999001796765821
1080638;5;0,577360750648832
1080638;6;1,2170093831104
1080638;7;0,730684767418646
1080638;8;1,26492313835097
1080638;9;1,08045518067479
1080638;10;0,960670792573368
1080638;11;2,56099021760831
1080638;12;0,675583948891994
1080638;13;0,675583948891994
1080638;14;1,08045518067479
1080638;15;1,42303853064484
1080638;16;0,577360750648832
1080638;17;0,649231383509683
1080638;18;1,08045518067479
1080638;19;1,2170093831104
1080638;20;1,26492313835097
1080638;21;1,94769415052905
1080638;22;0,577360750648832
1080638;23;0,555799560790577
1080774;0;0,62374151252634
1080774;1;1,3967956651169
1080774;2;1,67053550523464
1080774;3;0,27614810850587
1080774;4;0,0288992206575911
1080774;5;0,0561929290564271
1080774;6;0,102752784560324
1080774;7;0,182225641368699
1080774;8;0,350001672408603
1080774;9;0,510552898284109
1080774;10;2,07592735057029
1080774;11;0,889453791350303
1080774;12;1,40803425092819
1080774;13;0,793925811954377
1080774;14;0,223968960096331
1080774;15;0,342776867244205
1080774;16;0,0433488309863866
1080774;17;0,0104358296819079
1080774;18;0,00883031742315282
1080774;19;2,21881794159949
1080774;20;5,25805264742282
1080774;21;4,67364618523598
1080774;22;0,311469378198481
1080774;23;0,543465899588587
1082985;0;0,706445819197765
1082985;1;0,275394132907603
1082985;2;0,15924965076831
1082985;3;0,359209738575135
1082985;4;0,702853721812014
1082985;5;0,688485332269008
1082985;6;0,597485531829974
1082985;7;0,584314508082219
1082985;8;0,845340251446817
1082985;9;0,795050888046298
1082985;10;0,580722410696468
1082985;11;0,368788664937138
1082985;12;0,943524246657354
1082985;13;1,02015565755338
1082985;14;0,167631211335063
1082985;15;1,02015565755338
1082985;16;1,08122131311116
1082985;17;2,23667930552784
1082985;18;2,32528437437637
1082985;19;1,98762722011575
1082985;20;2,19117940530832
1082985;21;1,76731191378966
1082985;22;1,76731191378966
1082985;23;0,828577130313311
1083428;0;0,0865427956127611
1083428;1;0,0396654479891821
1083428;2;0,015625782541193
1083428;3;0,00841388290679621
1083428;4;0,112986427605549
1083428;5;0,823358541593629
1083428;6;2,69725046326439
1083428;7;1,9928882656383
1083428;8;2,24169880302499
1083428;9;1,70922021335203
1083428;10;1,14308609205189
1083428;11;2,40516852807132
1083428;12;2,53017478840086
1083428;13;2,56022437021085
1083428;14;1,09380477788351
1083428;15;0,372614814443832
1083428;16;1,18154955676867
1083428;17;0,215155005759503
1083428;18;0,358191015175039
1083428;19;0,656282866730105
1083428;20;0,798116892873241
1083428;21;0,4435318275154
1083428;22;0,364200931537036
1083428;23;0,150247909049932
1083432;0;0
1083432;1;0,00599640215870478
1083432;2;0
1083432;3;0
1083432;4;0
1083432;5;0,00599640215870478
1083432;6;0,189486308215071
1083432;7;0,503697781331201
1083432;8;0,719568259044573
1083432;9;1,15010993403958
1083432;10;2,55566660003998
1083432;11;2,55326803917649
1083432;12;1,36957825304817
1083432;13;2,02678392964221
1083432;14;2,19228462922247
1083432;15;1,69938037177693
1083432;16;4,4421347191685
1083432;17;2,1083349990006
1083432;18;2,4657205676594
1083432;19;0
1083432;20;0
1083432;21;0,0119928043174096
1083432;22;0
1083432;23;0
1085139;0;0
1085139;1;0
1085139;2;0
1085139;3;0
1085139;4;0
1085139;5;0
1085139;6;0,597694265608624
1085139;7;2,4207216649199
1085139;8;2,16679143584369
1085139;9;2,24105405000749
1085139;10;2,69740979188501
1085139;11;2,79562808803713
1085139;12;2,27339422069172
1085139;13;0,922293756550382
1085139;14;1,6385686480012
1085139;15;2,73454109896691
1085139;16;0,800119778409942
1085139;17;2,59440035933523
1085139;18;0
1085139;19;0
1085139;20;0
1085139;21;0,117382841742776
1085139;22;0
1085139;23;0
1085702;0;0
1085702;1;0
1085702;2;0,0960528290559808
1085702;3;0
1085702;4;0,00720396217919856
1085702;5;0,103256791235179
1085702;6;0,103256791235179
1085702;7;13,6238931412277
1085702;8;7,20876482065136
1085702;9;0,195707639201561
1085702;10;0,380609335134324
1085702;11;0,103256791235179
1085702;12;0,310971034068738
1085702;13;0,409425183851118
1085702;14;0,103256791235179
1085702;15;0,210115563559958
1085702;16;0,103256791235179
1085702;17;0,103256791235179
1085702;18;0,210115563559958
1085702;19;0,103256791235179
1085702;20;0,103256791235179
1085702;21;0,310971034068738
1085702;22;0,210115563559958
1085702;23;0
1087409;0;0,567798729555344
1087409;1;0
1087409;2;0,548592007202521
1087409;3;0,951933176611814
1087409;4;0,673435702495874
1087409;5;0,496973940879308
1087409;6;0,614615115290352
1087409;7;0,901515530435652
1087409;8;1,04196468764067
1087409;9;1,30125543940379
1087409;10;1,17641174411044
1087409;11;1,35527434602111
1087409;12;1,70459660881308
1087409;13;0,908718051317961
1087409;14;1,5113289651378
1087409;15;1,39848947131496
1087409;16;1,24363527234532
1087409;17;2,61811634071925
1087409;18;1,06237183014055
1087409;19;0,524583604261492
1087409;20;1,19561846646326
1087409;21;0,504176461761617
1087409;22;0,354123943380183
1087409;23;1,34447056469764
1088346;0;0,0636095414312147
1088346;1;0,0636095414312147
1088346;2;0,0444066609991499
1088346;3;0,0408061209181377
1088346;4;0,110416562484373
1088346;5;0,0540081012151823
1088346;6;1,02495374306146
1088346;7;1,42941441216182
1088346;8;3,87298094714207
1088346;9;3,03045456818523
1088346;10;1,02135320298045
1088346;11;3,18527779166875
1088346;12;2,08831324698705
1088346;13;3,51532729909486
1088346;14;3,04125618842826
1088346;15;0,250837625643847
1088346;16;0,0636095414312147
1088346;17;0,571285692853928
1088346;18;0,0888133219982997
1088346;19;0,0888133219982997
1088346;20;0,0636095414312147
1088346;21;0,0888133219982997
1088346;22;0,134420163024454
1088346;23;0,0636095414312147
1089089;0;0,167706513601198
1089089;1;0,196456201647118
1089089;2;0,167706513601198
1089089;3;0,189268779635638
1089089;4;0,943948090841028
1089089;5;1,5440978287996
1089089;6;1,63873221861742
1089089;7;1,65670077364612
1089089;8;2,15862241078113
1089089;9;1,4901921637135
1089089;10;1,4901921637135
1089089;11;2,00409283753432
1089089;12;1,76810581482406
1089089;13;1,70461692038932
1089089;14;1,06014474669329
1089089;15;2,11310207137509
1089089;16;0,584576990267033
1089089;17;0,943948090841028
1089089;18;0,397704017968555
1089089;19;0,397704017968555
1089089;20;0,524681806838033
1089089;21;0,406089343648615
1089089;22;0,221612178687297
1089089;23;0,229997504367357
1089101;0;0,70267299525356
1089101;1;0,70267299525356
1089101;2;0,70267299525356
1089101;3;0,683487384461654
1089101;4;0,70267299525356
1089101;5;0,70267299525356
1089101;6;0,711066699975019
1089101;7;0,72305770671996
1089101;8;0,767424431676243
1089101;9;0,789008243817137
1089101;10;0,747039720209843
1089101;11;0,928103922058456
1089101;12;2,47374469148139
1089101;13;1,45570821883587
1089101;14;0,789008243817137
1089101;15;0,59835123657257
1089101;16;2,50731951036722
1089101;17;3,09727704221834
1089101;18;0,70267299525356
1089101;19;0,70267299525356
1089101;20;0,70267299525356
1089101;21;0,70267299525356
1089101;22;0,70267299525356
1089101;23;0,70267299525356
1089845;0;0,791762471258622
1089845;1;0,191942417274818
1089845;2;0,124762571228631
1089845;3;0,177546735979206
1089845;4;0,455863241027692
1089845;5;0,494251724482655
1089845;6;1,2668199540138
1089845;7;3,51014695591323
1089845;8;3,00149955013496
1089845;9;2,66799960011996
1089845;10;2,10896730980706
1089845;11;2,02739178246526
1089845;12;2,02739178246526
1089845;13;0,208737378786364
1089845;14;0,254323702889133
1089845;15;1,17084874537639
1089845;16;0,475057482755173
1089845;17;0,124762571228631
1089845;18;0,177546735979206
1089845;19;0,273517944616615
1089845;20;0,626212136359092
1089845;21;0,760571828451465
1089845;22;0,405478356493052
1089845;23;0,676597020893732
1091500;0;0,888179551122195
1091500;1;0,854663341645885
1091500;2;0,854663341645885
1091500;3;0,854663341645885
1091500;4;0,888179551122195
1091500;5;0,998304239401496
1091500;6;0,998304239401496
1091500;7;1,21615960099751
1091500;8;1,12279301745636
1091500;9;1,26403990024938
1091500;10;1,26403990024938
1091500;11;1,31431421446384
1091500;12;1,31431421446384
1091500;13;1,16827930174564
1091500;14;0,998304239401496
1091500;15;1,12279301745636
1091500;16;0,96
1091500;17;0,924089775561097
1091500;18;0,821147132169576
1091500;19;0,821147132169576
1091500;20;0,821147132169576
1091500;21;0,821147132169576
1091500;22;0,854663341645885
1091500;23;0,854663341645885
1092719;0;5,76565777644591
1092719;1;5,99580461492358
1092719;2;1,32094695834582
1092719;3;2,84806712616122
1092719;4;2,34941564279293
1092719;5;1,66137249026071
1092719;6;0,0551393467186095
1092719;7;0,0551393467186095
1092719;8;0,0551393467186095
1092719;9;0,0551393467186095
1092719;10;0,111477374887624
1092719;11;0,043152532214564
1092719;12;0,043152532214564
1092719;13;0,043152532214564
1092719;14;0,053940665268205
1092719;15;0,053940665268205
1092719;16;0,053940665268205
1092719;17;0,053940665268205
1092719;18;0,053940665268205
1092719;19;0,053940665268205
1092719;20;0,053940665268205
1092719;21;0,053940665268205
1092719;22;0,0563380281690141
1092719;23;3,10937968234942
1093221;0;0,135295584933899
1093221;1;0,0694437515589923
1093221;2;0,0778248939885258
1093221;3;0,269393863806435
1093221;4;0,474133200299326
1093221;5;1,31583936143677
1093221;6;1,79116986779746
1093221;7;1,12427039161886
1093221;8;2,82324769269144
1093221;9;2,53110501371913
1093221;10;1,95280618608132
1093221;11;2,71549014716887
1093221;12;0,857271139935146
1093221;13;2,07373409827887
1093221;14;1,64629583437266
1093221;15;1,10152157645298
1093221;16;0,688450985283113
1093221;17;0,804589673235221
1093221;18;0,493290097281117
1093221;19;0,421451733599401
1093221;20;0,374756797206286
1093221;21;0,0694437515589923
1093221;22;0,11134946370666
1093221;23;0,0778248939885258
1093311;0;0,627655310621242
1093311;1;0,678156312625251
1093311;2;1,26973947895792
1093311;3;0,579559118236473
1093311;4;0,964328657314629
1093311;5;1,73627254509018
1093311;6;2,57074148296593
1093311;7;1,0436873747495
1093311;8;1,0436873747495
1093311;9;0,678156312625251
1093311;10;1,26973947895792
1093311;11;1,00280561122244
1093311;12;0,762324649298597
1093311;13;0,704609218436874
1093311;14;1,00280561122244
1093311;15;0,704609218436874
1093311;16;0,762324649298597
1093311;17;1,48376753507014
1093311;18;1,32024048096192
1093311;19;0,704609218436874
1093311;20;0,704609218436874
1093311;21;0,793587174348697
1093311;22;0,964328657314629
1093311;23;0,627655310621242
1094111;0;0
1094111;1;0
1094111;2;0
1094111;3;0,108248972637065
1094111;4;0
1094111;5;3,00932143931041
1094111;6;2,95158865390398
1094111;7;1,87150446025859
1094111;8;3,25468577728776
1094111;9;3,5878520597374
1094111;10;2,19865691089506
1094111;11;2,03508068557683
1094111;12;0,872005612909692
1094111;13;0,649493835822392
1094111;14;1,34950385887541
1094111;15;0,928535631953493
1094111;16;0,590558284053323
1094111;17;0,37646587150446
1094111;18;0,108248972637065
1094111;19;0
1094111;20;0,108248972637065
1094111;21;0
1094111;22;0
1094111;23;0
1095222;0;0,141890876296408
1095222;1;0,141890876296408
1095222;2;0,0709454381482038
1095222;3;0,141890876296408
1095222;4;0,141890876296408
1095222;5;0,358334585901097
1095222;6;0,967984367954306
1095222;7;1,55478731399369
1095222;8;1,5752292199008
1095222;9;2,24019239440854
1095222;10;2,26303923042237
1095222;11;2,68269953404479
1095222;12;2,48068540508041
1095222;13;1,30587704794829
1095222;14;3,38614159026003
1095222;15;2,48910266045393
1095222;16;0,918683300766571
1095222;17;0,358334585901097
1095222;18;0,141890876296408
1095222;19;0,141890876296408
1095222;20;0,141890876296408
1095222;21;0,141890876296408
1095222;22;0,141890876296408
1095222;23;0,0709454381482038
1097083;0;0
1097083;1;0
1097083;2;0,104353041131491
1097083;3;1,26063271527812
1097083;4;1,97431155979809
1097083;5;0,0443800289869559
1097083;6;0,207506622020091
1097083;7;2,10385326603029
1097083;8;3,13898745564496
1097083;9;2,18301764206107
1097083;10;1,12989154880304
1097083;11;1,58448698085861
1097083;12;1,84237093308011
1097083;13;1,46334149632665
1097083;14;1,69843570393323
1097083;15;1,42495876855415
1097083;16;1,22944674896297
1097083;17;1,03753311010045
1097083;18;1,36378629616672
1097083;19;0,104353041131491
1097083;20;0
1097083;21;0
1097083;22;0
1097083;23;0,104353041131491
1097084;0;1,2689380751057
1097084;1;1,2689380751057
1097084;2;1,2689380751057
1097084;3;1,2689380751057
1097084;4;0,707883611042029
1097084;5;0,779507585177816
1097084;6;0,941855259885601
1097084;7;0,966923650833126
1097084;8;1,00870430241234
1097084;9;0,96095498632181
1097084;10;0,66610295946282
1097084;11;0,605222581447401
1097084;12;0,50136781895051
1097084;13;0,648196965928873
1097084;14;0,518080079582193
1097084;15;0,641034568515295
1097084;16;0,637453369808505
1097084;17;1,2689380751057
1097084;18;1,42770455110669
1097084;19;1,34294951504601
1097084;20;1,54349664262621
1097084;21;1,21999502611291
1097084;22;1,2689380751057
1097084;23;1,2689380751057
1097302;0;0,0720360180090045
1097302;1;0
1097302;2;0,0720360180090045
1097302;3;0,0720360180090045
1097302;4;0,0720360180090045
1097302;5;0,216108054027014
1097302;6;1,08294147073537
1097302;7;1,48154077038519
1097302;8;0,732366183091546
1097302;9;3,95237618809405
1097302;10;1,00130065032516
1097302;11;1,08294147073537
1097302;12;3,80110055027514
1097302;13;2,28354177088544
1097302;14;0,79239619809905
1097302;15;1,21980990495248
1097302;16;0,732366183091546
1097302;17;0,79239619809905
1097302;18;0,890845422711356
1097302;19;2,46843421710855
1097302;20;0,890845422711356
1097302;21;0,0720360180090045
1097302;22;0,0720360180090045
1097302;23;0,146473236618309
1097590;0;0,715417975175714
1097590;1;0,94152833856737
1097590;2;0,94152833856737
1097590;3;0,887692537759832
1097590;4;0,856587408404367
1097590;5;1,01809481082698
1097590;6;1,42126514131898
1097590;7;1,88664573052191
1097590;8;1,33991326454314
1097590;9;1,3219679976073
1097590;10;0,998953192762076
1097590;11;1,10662479437715
1097590;12;1,21549274712128
1097590;13;0,923583071631524
1097590;14;1,41408703454464
1097590;15;0,942724689696426
1097590;16;0,715417975175714
1097590;17;0,94152833856737
1097590;18;0,887692537759832
1097590;19;0,715417975175714
1097590;20;0,715417975175714
1097590;21;0,661582174368177
1097590;22;0,715417975175714
1097590;23;0,715417975175714
1097837;0;0,256223497131454
1097837;1;0,219107009229234
1097837;2;0,256223497131454
1097837;3;0,307707657770017
1097837;4;0,387927163881267
1097837;5;0,387927163881267
1097837;6;0,37715140932901
1097837;7;0,444200548765278
1097837;8;1,66904464953854
1097837;9;0,131703666749813
1097837;10;0,266999251683712
1097837;11;0
1097837;12;0,984185582439511
1097837;13;1,13145422798703
1097837;14;2,95135944125717
1097837;15;3,88286355699676
1097837;16;3,45303068096782
1097837;17;1,06440508855076
1097837;18;3,32012970815665
1097837;19;1,77321027687703
1097837;20;0,239461212272387
1097837;21;0,239461212272387
1097837;22;0
1097837;23;0,256223497131454
1097840;0;0,85731438863318
1097840;1;0,602761656994196
1097840;2;0,602761656994196
1097840;3;0,146487892735641
1097840;4;1,21993195917551
1097840;5;0,732439463678207
1097840;6;0,792475485291175
1097840;7;1,42645587352411
1097840;8;1,0014008405043
1097840;9;1,17190314188513
1097840;10;1,17190314188513
1097840;11;0,677206323794277
1097840;12;0,602761656994196
1097840;13;0,890934560736442
1097840;14;1,12627576545928
1097840;15;1,31839103462077
1097840;16;1,17190314188513
1097840;17;1,37122273364018
1097840;18;1,04222533520112
1097840;19;1,48168901340804
1097840;20;0,732439463678207
1097840;21;1,04222533520112
1097840;22;1,08304982989794
1097840;23;1,73384030418251
1097849;0;0
1097849;1;6
1097849;2;0
1097849;3;0
1097849;4;0
1097849;5;0
1097849;6;0
1097849;7;0
1097849;8;0
1097849;9;6
1097849;10;0
1097849;11;0
1097849;12;0
1097849;13;0
1097849;14;0
1097849;15;0
1097849;16;0
1097849;17;6
1097849;18;0
1097849;19;0
1097849;20;0
1097849;21;0
1097849;22;0
1097849;23;6
1097850;0;0,282155185351944
1097850;1;0,316974335884737
1097850;2;0,316974335884737
1097850;3;0,34819150532793
1097850;4;0,342188203511932
1097850;5;0,912501876031818
1097850;6;1,58006903797088
1097850;7;1,81059582770524
1097850;8;2,19720846465556
1097850;9;1,35674621041573
1097850;10;1,37235479513733
1097850;11;2,24283355845715
1097850;12;1,9762869578268
1097850;13;1,71694431937566
1097850;14;1,14903196758217
1097850;15;1,21626894792136
1097850;16;1,03977187453099
1097850;17;1,65090799939967
1097850;18;0,641152633948672
1097850;19;0,342188203511932
1097850;20;0,342188203511932
1097850;21;0,282155185351944
1097850;22;0,282155185351944
1097850;23;0,282155185351944
1097974;0;0,0382622558788362
1097974;1;0,0358708648864089
1097974;2;0,0346751693901953
1097974;3;0,0263053009166999
1097974;4;0,106416899163013
1097974;5;0,400557991231566
1097974;6;1,16221602231965
1097974;7;2,02072538860104
1097974;8;0,905141490633719
1097974;9;2,67835791151853
1097974;10;1,98485452371463
1097974;11;2,46791550418493
1097974;12;3,23555201275409
1097974;13;1,45037863690713
1097974;14;2,32204065364687
1097974;15;1,34157034675169
1097974;16;1,03786369071343
1097974;17;0,871662016739737
1097974;18;0,688720605819051
1097974;19;0,465125548027102
1097974;20;0,188919888401754
1097974;21;0,176962933439617
1097974;22;0,25348744519729
1097974;23;0,106416899163013
1097977;0;0,909827456864216
1097977;1;0,909827456864216
1097977;2;0,926631657914479
1097977;3;0,926631657914479
1097977;4;0,926631657914479
1097977;5;1,34793698424606
1097977;6;0,94463615903976
1097977;7;1,19429857464366
1097977;8;1,29152288072018
1097977;9;1,21950487621905
1097977;10;1,00225056264066
1097977;11;0,96384096024006
1097977;12;0,984246061515379
1097977;13;1,04186046511628
1097977;14;1,04186046511628
1097977;15;1,12708177044261
1097977;16;0,926631657914479
1097977;17;0,909827456864216
1097977;18;0,891822955738935
1097977;19;0,891822955738935
1097977;20;0,891822955738935
1097977;21;0,909827456864216
1097977;22;0,909827456864216
1097977;23;0,909827456864216
1097978;0;0,0599340725202277
1097978;1;0,064728798321846
1097978;2;0,0599340725202277
1097978;3;0,0551393467186095
1097978;4;0,38957147138148
1097978;5;0,56577764459095
1097978;6;2,0257716511837
1097978;7;1,80161821995805
1097978;8;2,8408750374588
1097978;9;1,3161522325442
1097978;10;2,82649086005394
1097978;11;3,5780641294576
1097978;12;2,19118969133953
1097978;13;3,44021576266107
1097978;14;1,76565777644591
1097978;15;0,26850464489062
1097978;16;0,097093197482769
1097978;17;0,10788133053641
1097978;18;0,097093197482769
1097978;19;0,097093197482769
1097978;20;0,097093197482769
1097978;21;0,097093197482769
1097978;22;0,097093197482769
1097978;23;0,0599340725202277
1098033;0;0,1418553396113
1098033;1;0,0697255059106391
1098033;2;0,1418553396113
1098033;3;0,108194750550992
1098033;4;0,108194750550992
1098033;5;0,108194750550992
1098033;6;0,286115007012623
1098033;7;1,04347826086957
1098033;8;0,557804047285113
1098033;9;1,3199759567221
1098033;10;1,3199759567221
1098033;11;0,704468042476458
1098033;12;1,12762973352034
1098033;13;0,322179923862953
1098033;14;3,80605089160489
1098033;15;3,38288920056101
1098033;16;7,70827489481066
1098033;17;0,456822280104188
1098033;18;0,678020436786215
1098033;19;0,1418553396113
1098033;20;0,1418553396113
1098033;21;0,108194750550992
1098033;22;0,108194750550992
1098033;23;0,108194750550992
1098606;0;0
1098606;1;0,688588393792725
1098606;2;0
1098606;3;0
1098606;4;0,337707699216606
1098606;5;0
1098606;6;0,711341749413702
1098606;7;2,0430118257572
1098606;8;2,06456763634549
1098606;9;1,36879397235667
1098606;10;2,38431216007185
1098606;11;2,06456763634549
1098606;12;2,06456763634549
1098606;13;2,71603213412504
1098606;14;2,06456763634549
1098606;15;1,36879397235667
1098606;16;1,36879397235667
1098606;17;0,688588393792725
1098606;18;0,688588393792725
1098606;19;0
1098606;20;0,688588393792725
1098606;21;0
1098606;22;0,688588393792725
1098606;23;0
1098938;0;0,289558611786902
1098938;1;0,25976863115039
1098938;2;0,512387666948016
1098938;3;0,37773695447098
1098938;4;0,343180576932625
1098938;5;1,1284444665111
1098938;6;1,3333995332903
1098938;7;1,48949903182563
1098938;8;2,00665309567549
1098938;9;1,68849610247753
1098938;10;1,50022342485477
1098938;11;2,31170249739338
1098938;12;1,44302666203267
1098938;13;1,56099498535326
1098938;14;1,50022342485477
1098938;15;1,89940916538404
1098938;16;1,59197656521523
1098938;17;0,867484236135247
1098938;18;0,52072886152624
1098938;19;0,338414180030783
1098938;20;0,228787051288417
1098938;21;0,289558611786902
1098938;22;0,289558611786902
1098938;23;0,228787051288417
1100217;0;9,00059988002399
1100217;1;4,10797840431914
1100217;2;4,80623875224955
1100217;3;6,08038392321536
1100217;4;0
1100217;5;0
1100217;6;0
1100217;7;0
1100217;8;0
1100217;9;0
1100217;10;0
1100217;11;0
1100217;12;0
1100217;13;0
1100217;14;0
1100217;15;0
1100217;16;0
1100217;17;0
1100217;18;0
1100217;19;0
1100217;20;0
1100217;21;0
1100217;22;0
1100217;23;0,00479904019196161
1100532;0;0,700747384155456
1100532;1;0,700747384155456
1100532;2;0,700747384155456
1100532;3;0,700747384155456
1100532;4;0,729446935724963
1100532;5;0,923168908819133
1100532;6;0,853811659192825
1100532;7;0,88729446935725
1100532;8;0,997309417040359
1100532;9;0,820328849028401
1100532;10;1,07862481315396
1100532;11;1,47563527653214
1100532;12;1,12167414050822
1100532;13;1,12167414050822
1100532;14;1,42062780269058
1100532;15;1,36562032884903
1100532;16;2,65949177877429
1100532;17;1,36562032884903
1100532;18;0,729446935724963
1100532;19;0,729446935724963
1100532;20;0,729446935724963
1100532;21;0,729446935724963
1100532;22;0,729446935724963
1100532;23;0,729446935724963
1100632;0;0,226165413533835
1100632;1;0,226165413533835
1100632;2;0,245413533834586
1100632;3;0,334436090225564
1100632;4;0,406616541353383
1100632;5;0,892631578947368
1100632;6;2,1990977443609
1100632;7;1,80691729323308
1100632;8;1,22225563909774
1100632;9;2,03308270676692
1100632;10;2,28812030075188
1100632;11;3,80872180451128
1100632;12;0,858947368421053
1100632;13;0,704962406015038
1100632;14;0,733834586466165
1100632;15;0,704962406015038
1100632;16;0,558195488721804
1100632;17;1,17413533834586
1100632;18;0,558195488721804
1100632;19;1,95609022556391
1100632;20;0,39218045112782
1100632;21;0,235789473684211
1100632;22;0,216541353383459
1100632;23;0,216541353383459
1100846;0;2,28011988011988
1100846;1;1,87252747252747
1100846;2;0,577822177822178
1100846;3;0,493906093906094
1100846;4;0,225374625374625
1100846;5;0,215784215784216
1100846;6;0,855944055944056
1100846;7;2,28011988011988
1100846;8;2,28011988011988
1100846;9;0,35964035964036
1100846;10;0,390809190809191
1100846;11;0,297302697302697
1100846;12;0,64975024975025
1100846;13;2,46473526473526
1100846;14;2,28011988011988
1100846;15;0,601798201798202
1100846;16;0,35964035964036
1100846;17;0,309290709290709
1100846;18;1,21798201798202
1100846;19;2,28011988011988
1100846;20;0,855944055944056
1100846;21;0,263736263736264
1100846;22;0,254145854145854
1100846;23;0,333266733266733
1100849;0;0
1100849;1;0,0047992801079838
1100849;2;0
1100849;3;0,0575913612958056
1100849;4;0,0191971204319352
1100849;5;1,60415937609359
1100849;6;1,60775883617457
1100849;7;2,27125931110333
1100849;8;2,06728990651402
1100849;9;2,56761485777133
1100849;10;2,41883717442384
1100849;11;1,776933459981
1100849;12;2,67679848022797
1100849;13;1,3330000499925
1100849;14;1,76733489976504
1100849;15;1,73853921911713
1100849;16;0,411538269259611
1100849;17;0,119982002699595
1100849;18;0,0431935209718542
1100849;19;0,650302454631805
1100849;20;0,129580562915563
1100849;21;0,422336649502575
1100849;22;0,268759686047093
1100849;23;0,0431935209718542
1101481;0;0,0529323308270677
1101481;1;0,0529323308270677
1101481;2;0,0529323308270677
1101481;3;0,0276691729323308
1101481;4;0,0529323308270677
1101481;5;0,0529323308270677
1101481;6;0,0252631578947368
1101481;7;0,306766917293233
1101481;8;0,268270676691729
1101481;9;0,395789473684211
1101481;10;2,03308270676692
1101481;11;0,874586466165414
1101481;12;2,28330827067669
1101481;13;0,889022556390977
1101481;14;0,377744360902256
1101481;15;0,0529323308270677
1101481;16;1,17533834586466
1101481;17;1,37503759398496
1101481;18;0,158796992481203
1101481;19;2,47578947368421
1101481;20;5,21624060150376
1101481;21;3,07007518796992
1101481;22;2,67669172932331
1101481;23;0,0529323308270677
1102250;0;0,383144830347313
1102250;1;0,383144830347313
1102250;2;0,383144830347313
1102250;3;0,383144830347313
1102250;4;0,377139425482935
1102250;5;0,377139425482935
1102250;6;0,494845360824742
1102250;7;1,16985286758082
1102250;8;1,67430687618857
1102250;9;1,71274146732059
1102250;10;2,57631868681814
1102250;11;2,78050245220699
1102250;12;2,89100190171154
1102250;13;3,09278350515464
1102250;14;1,67310579521569
1102250;15;0,581323190871785
1102250;16;0,431188069262336
1102250;17;0,404764287859073
1102250;18;0,383144830347313
1102250;19;0,360324291862676
1102250;20;0,368731858672806
1102250;21;0,360324291862676
1102250;22;0,374737263537183
1102250;23;0,383144830347313
1102393;0;0,717277225248638
1102393;1;0,590134439502224
1102393;2;0,590134439502224
1102393;3;0,717277225248638
1102393;4;0,717277225248638
1102393;5;1,07231745714429
1102393;6;1,12629316807437
1102393;7;1,24264081163476
1102393;8;1,38657604078165
1102393;9;1,19466240191914
1102393;10;1,98390724174122
1102393;11;1,12989154880304
1102393;12;1,06152231495827
1102393;13;1,00154930281373
1102393;14;1,00394822329952
1102393;15;1,00394822329952
1102393;16;0,94397521115498
1102393;17;0,94397521115498
1102393;18;0,94397521115498
1102393;19;0,94397521115498
1102393;20;0,94397521115498
1102393;21;1,06152231495827
1102393;22;0,839622170023489
1102393;23;0,839622170023489
1102507;0;0,788726783847035
1102507;1;0,788726783847035
1102507;2;0,788726783847035
1102507;3;1,03729522481701
1102507;4;1,42329333266942
1102507;5;1,55474779664393
1102507;6;1,19504058158642
1102507;7;1,23925708310511
1102507;8;1,23925708310511
1102507;9;1,46153463128019
1102507;10;1,16755464820993
1102507;11;0,962007668177065
1102507;12;0,922571328984714
1102507;13;0,869989543394911
1102507;14;1,03729522481701
1102507;15;1,03729522481701
1102507;16;0,996663845043071
1102507;17;0,788726783847035
1102507;18;0,788726783847035
1102507;19;0,773191256286411
1102507;20;0,788726783847035
1102507;21;0,788726783847035
1102507;22;0,773191256286411
1102507;23;0,788726783847035
1102722;0;1,24820703144591
1102722;1;1,49134861327047
1102722;2;1,49134861327047
1102722;3;1,20006018355986
1102722;4;1,06645268067606
1102722;5;0,681277897587642
1102722;6;0,418877576608656
1102722;7;0,482672150057676
1102722;8;0,35749034555394
1102722;9;0,309343497667887
1102722;10;0,288881087316315
1102722;11;0,333416921610913
1102722;12;0,333416921610913
1102722;13;0,273233361753348
1102722;14;0,351471989568183
1102722;15;1,15191333567381
1102722;16;1,5154220372135
1102722;17;1,22292993630573
1102722;18;1,37820352073825
1102722;19;1,70800942875771
1102722;20;1,67671397763178
1102722;21;1,81513616530418
1102722;22;1,46005316214454
1102722;23;1,74411956467225
1103180;0;0,0635872825434913
1103180;1;0,0719856028794241
1103180;2;0,0635872825434913
1103180;3;0,0719856028794241
1103180;4;0,106778644271146
1103180;5;0,137972405518896
1103180;6;0,461907618476305
1103180;7;2,04679064187163
1103180;8;0,975404919016197
1103180;9;1,93041391721656
1103180;10;2,3371325734853
1103180;11;3,08818236352729
1103180;12;1,84763047390522
1103180;13;4,28554289142172
1103180;14;1,92081583683263
1103180;15;2,62987402519496
1103180;16;0,825434913017396
1103180;17;0,254349130173965
1103180;18;0,254349130173965
1103180;19;0,369526094781044
1103180;20;0,0719856028794241
1103180;21;0,0563887222555489
1103180;22;0,0563887222555489
1103180;23;0,0719856028794241
1103231;0;0,0863352485635773
1103231;1;0,0611541343992006
1103231;2;0,0299775168623532
1103231;3;0,0383712215838121
1103231;4;0,0803397451911067
1103231;5;1,94973769672745
1103231;6;1,60319760179865
1103231;7;1,84421683737197
1103231;8;2,16077941543842
1103231;9;1,22068448663502
1103231;10;1,0408193854609
1103231;11;1,44251811141644
1103231;12;1,0827879090682
1103231;13;0,821383962028479
1103231;14;0,839370472145891
1103231;15;0,689482887834124
1103231;16;1,0612040969273
1103231;17;1,6343742193355
1103231;18;2,23632275793155
1103231;19;1,19430427179615
1103231;20;1,14753934549088
1103231;21;1,0612040969273
1103231;22;0,382513115163627
1103231;23;0,291381463902073
1103426;0;0,44300711478183
1103426;1;0,869296979949251
1103426;2;0,426289865167421
1103426;3;0
1103426;4;0,869296979949251
1103426;5;0,869296979949251
1103426;6;0,862132444400219
1103426;7;0,44300711478183
1103426;8;0,869296979949251
1103426;9;0,869296979949251
1103426;10;0,426289865167421
1103426;11;0,44300711478183
1103426;12;0,869296979949251
1103426;13;8,78610876162993
1103426;14;0,869296979949251
1103426;15;0,869296979949251
1103426;16;0,869296979949251
1103426;17;0
1103426;18;0,869296979949251
1103426;19;0,869296979949251
1103426;20;0
1103426;21;0,869296979949251
1103426;22;0,869296979949251
1103426;23;0,869296979949251
1103633;0;0,504141303263147
1103633;1;0,513721185510428
1103633;2;0,524498553038619
1103633;3;0,578385390679573
1103633;4;0,578385390679573
1103633;5;0,746033330006985
1103633;6;1,29567907394472
1103633;7;1,00229518012174
1103633;8;1,75072348069055
1103633;9;1,29208661810199
1103633;10;1,19269533978645
1103633;11;1,79982037720786
1103633;12;1,57589062967768
1103633;13;1,84173236203972
1103633;14;1,74713102484782
1103633;15;0,689751521804211
1103633;16;0,744835844726075
1103633;17;0,760403153377906
1103633;18;1,14838838439278
1103633;19;0,790340285400659
1103633;20;0,790340285400659
1103633;21;0,650234507534178
1103633;22;0,8071050793334
1103633;23;0,67538169843329
1103818;0;0,00719712115153938
1103818;1;0,00719712115153938
1103818;2;0,00719712115153938
1103818;3;0,0167932826869252
1103818;4;0,0287884846061575
1103818;5;1,36985205917633
1103818;6;1,48020791683327
1103818;7;1,73210715713715
1103818;8;2,88604558176729
1103818;9;2,56457417033187
1103818;10;2,77329068372651
1103818;11;3,50979608156737
1103818;12;3,94882047181128
1103818;13;2,28148740503798
1103818;14;0,455817672930828
1103818;15;0,475009996001599
1103818;16;0,0359856057576969
1103818;17;0,0335865653738505
1103818;18;0,347860855657737
1103818;19;0,00719712115153938
1103818;20;0,00719712115153938
1103818;21;0,00959616153538585
1103818;22;0,00719712115153938
1103818;23;0,00719712115153938
1103821;0;0,0314294348745845
1103821;1;0,0314294348745845
1103821;2;0,0628588697491689
1103821;3;0,0169235418555455
1103821;4;0,0604412209126624
1103821;5;0,024176488365065
1103821;6;0,0676941674221819
1103821;7;0,539135690540949
1103821;8;0,517376851012391
1103821;9;0,76639468117256
1103821;10;0,478694469628286
1103821;11;0,708371109096404
1103821;12;1,49168933212451
1103821;13;1,96554850407978
1103821;14;2,79480205500151
1103821;15;2,79480205500151
1103821;16;1,49168933212451
1103821;17;0,560894530069507
1103821;18;1,17981263221517
1103821;19;1,13387730432155
1103821;20;0,708371109096404
1103821;21;2,48534300392868
1103821;22;2,90843155031732
1103821;23;1,17981263221517
1103857;0;0
1103857;1;0
1103857;2;0
1103857;3;0
1103857;4;0
1103857;5;0
1103857;6;0
1103857;7;0
1103857;8;0
1103857;9;4,8072
1103857;10;0
1103857;11;19,1928
1103857;12;0
1103857;13;0
1103857;14;0
1103857;15;0
1103857;16;0
1103857;17;0
1103857;18;0
1103857;19;0
1103857;20;0
1103857;21;0
1103857;22;0
1103857;23;0
1103860;0;0
1103860;1;0
1103860;2;0
1103860;3;0
1103860;4;0,108
1103860;5;2,4672
1103860;6;0
1103860;7;0
1103860;8;0
1103860;9;0
1103860;10;0
1103860;11;0
1103860;12;0
1103860;13;0
1103860;14;0
1103860;15;0
1103860;16;0
1103860;17;15,3432
1103860;18;6,0816
1103860;19;0
1103860;20;0
1103860;21;0
1103860;22;0
1103860;23;0
1103979;0;0,455141356017013
1103979;1;0,323042281711283
1103979;2;0,336252189141856
1103979;3;1,06399799849887
1103979;4;0,481561170878159
1103979;5;1,35581686264699
1103979;6;1,10723042281711
1103979;7;1,34500875656743
1103979;8;1,06399799849887
1103979;9;1,12764573430073
1103979;10;1,5755816862647
1103979;11;1,24413309982487
1103979;12;0,746960220165124
1103979;13;0,792594445834376
1103979;14;0,892269201901426
1103979;15;1,45429071803853
1103979;16;1,66925193895422
1103979;17;0,982336752564423
1103979;18;0,808206154615962
1103979;19;1,54315736802602
1103979;20;0,945108831623718
1103979;21;0,718138603952965
1103979;22;0,840630472854641
1103979;23;1,12764573430073
1104905;0;0,108716212852805
1104905;1;0,108716212852805
1104905;2;0,108716212852805
1104905;3;0,101548110906466
1104905;4;0,510129921847777
1104905;5;1,40016924685151
1104905;6;4,4107720643138
1104905;7;5,52421723331176
1104905;8;1,14570162775648
1104905;9;0,27836129224949
1104905;10;0,169645079396685
1104905;11;0,520882074767286
1104905;12;1,34521379859625
1104905;13;0,350042311712878
1104905;14;0,0824331723828961
1104905;15;1,91746727064563
1104905;16;4,01772114092289
1104905;17;1,01787047638011
1104905;18;0,203096221812932
1104905;19;0,1600876101349
1104905;20;0,117078998456867
1104905;21;0,13738862063816
1104905;22;0,155308875504007
1104905;23;0,108716212852805
1104995;0;0,179955011247188
1104995;1;0,206348412896776
1104995;2;0,0923769057735566
1104995;3;2,07908022994251
1104995;4;5,78615346163459
1104995;5;2,49057735566108
1104995;6;0,497875531117221
1104995;7;1,7215696075981
1104995;8;2,40179955011247
1104995;9;1,80314921269683
1104995;10;1,16850787303174
1104995;11;0,813396650837291
1104995;12;0,470282429392652
1104995;13;0,813396650837291
1104995;14;0,951362159460135
1104995;15;1,16850787303174
1104995;16;0,813396650837291
1104995;17;0,357510622344414
1104995;18;0
1104995;19;0
1104995;20;0
1104995;21;0
1104995;22;0,0923769057735566
1104995;23;0,0923769057735566
1105111;0;1,1946080878682
1105111;1;1,1946080878682
1105111;2;1,1946080878682
1105111;3;1,1946080878682
1105111;4;1,1946080878682
1105111;5;1,24253619570644
1105111;6;1,06160758861707
1105111;7;0,313929106340489
1105111;8;0,690164752870694
1105111;9;1,1946080878682
1105111;10;1,02086869695457
1105111;11;1,04003994008987
1105111;12;1,10474288567149
1105111;13;1,63434847728407
1105111;14;0,382226660009985
1105111;15;0,184523215177234
1105111;16;0,448127808287569
1105111;17;0,855516724912631
1105111;18;1,39710434348477
1105111;19;1,39710434348477
1105111;20;1,23894158761857
1105111;21;0,959760359460809
1105111;22;0,666200698951573
1105111;23;1,1946080878682
1105494;0;0,298725318670332
1105494;1;0,27713071732067
1105494;2;0,30592351912022
1105494;3;0,458285428642839
1105494;4;0,838590352411897
1105494;5;1,39765058735316
1105494;6;1,25368657835541
1105494;7;1,77195701074731
1105494;8;1,2476880779805
1105494;9;1,45523619095226
1105494;10;1,32926768307923
1105494;11;1,5104223944014
1105494;12;1,68797800549863
1105494;13;1,21289677580605
1105494;14;1,37965508622844
1105494;15;2,20864783804049
1105494;16;2,29622594351412
1105494;17;0,986153461634591
1105494;18;0,59265183704074
1105494;19;0,260334916270932
1105494;20;0,433091727068233
1105494;21;0,27713071732067
1105494;22;0,260334916270932
1105494;23;0,260334916270932
1106273;0;0,150481540930979
1106273;1;0,0517656500802568
1106273;2;0,0457463884430177
1106273;3;0,349117174959872
1106273;4;0,641653290529695
1106273;5;0,247993579454254
1106273;6;1,86597110754414
1106273;7;3,59349919743178
1106273;8;3,45264847512039
1106273;9;3,89325842696629
1106273;10;3,89325842696629
1106273;11;2,33788121990369
1106273;12;0,486356340288925
1106273;13;0,486356340288925
1106273;14;0,693418940609952
1106273;15;0,693418940609952
1106273;16;0,486356340288925
1106273;17;0,197431781701445
1106273;18;0,0975120385232745
1106273;19;0,197431781701445
1106273;20;0
1106273;21;0,0457463884430177
1106273;22;0
1106273;23;0,0926966292134832
1107048;0;0
1107048;1;0
1107048;2;0
1107048;3;0
1107048;4;0
1107048;5;1,32275875916073
1107048;6;1,37576548539303
1107048;7;2,47685975303684
1107048;8;2,89850416624837
1107048;9;2,47685975303684
1107048;10;2,11785965264532
1107048;11;2,67924907137838
1107048;12;2,20218853528762
1107048;13;1,48659773115149
1107048;14;2,47685975303684
1107048;15;1,32275875916073
1107048;16;0,79510089348459
1107048;17;0,009637586587692
1107048;18;0,103604055817689
1107048;19;0,159020178696918
1107048;20;0,033731553056922
1107048;21;0,062644312819998
1107048;22;0
1107048;23;0
1107247;0;0,204913121629718
1107247;1;0,230077890952666
1107247;2;0,194128220491312
1107247;3;0,230077890952666
1107247;4;0,390653085680048
1107247;5;0,813660874775315
1107247;6;1,41881366087478
1107247;7;1,28100659077292
1107247;8;1,19233073696824
1107247;9;0,7309766327142
1107247;10;1,68603954463751
1107247;11;1,10485320551228
1107247;12;0,775314559616537
1107247;13;0,98981426003595
1107247;14;0,474535650089874
1107247;15;5,29538645895746
1107247;16;3,43918514080288
1107247;17;0,79089275014979
1107247;18;0,872378669862193
1107247;19;0,503295386458957
1107247;20;0,523666866387058
1107247;21;0,268424206111444
1107247;22;0,340323547034152
1107247;23;0,249251048532055
1107556;0;0,288839389607367
1107556;1;0,292828883938961
1107556;2;0,288839389607367
1107556;3;0,288839389607367
1107556;4;0,405332624089897
1107556;5;1,17051763688952
1107556;6;1,3915356228598
1107556;7;1,72505734898102
1107556;8;1,82479470727085
1107556;9;1,55191329498986
1107556;10;2,43518734000465
1107556;11;2,07693074902756
1107556;12;2,19182818577745
1107556;13;1,59898932810266
1107556;14;2,07932444562652
1107556;15;1,74899431497058
1107556;16;0,480335117523854
1107556;17;0,34229861365072
1107556;18;0,321553243126434
1107556;19;0,300807872602148
1107556;20;0,300807872602148
1107556;21;0,300807872602148
1107556;22;0,292828883938961
1107556;23;0,300807872602148
1107557;0;0,0562004882666534
1107557;1;0,0550047331971501
1107557;2;0,0621792636141697
1107557;3;0,0490259578496338
1107557;4;0,0550047331971501
1107557;5;0,0490259578496338
1107557;6;0,429276069951672
1107557;7;1,14672911165363
1107557;8;1,66568681181805
1107557;9;2,5648946240845
1107557;10;1,98495341537542
1107557;11;2,73827910916247
1107557;12;3,78576055004733
1107557;13;1,77569627821235
1107557;14;2,36639928254696
1107557;15;2,50630262567884
1107557;16;0,731802102535997
1107557;17;0,884858751432415
1107557;18;0,652882267948782
1107557;19;0,205669871954561
1107557;20;0,0550047331971501
1107557;21;0,0621792636141697
1107557;22;0,0621792636141697
1107557;23;0,0550047331971501
1108356;0;0,112541155342712
1108356;1;0,0754265190062855
1108356;2;0,0454953606704579
1108356;3;0,137683328344807
1108356;4;0,143669560011972
1108356;5;0,171206225680934
1108356;6;0,474109548039509
1108356;7;1,56719545046393
1108356;8;3,06016162825501
1108356;9;2,06405267883867
1108356;10;2,36935049386411
1108356;11;3,05537264292128
1108356;12;1,63184675246932
1108356;13;1,83418138281952
1108356;14;1,16970966776414
1108356;15;0,924274169410356
1108356;16;0,999700688416642
1108356;17;1,76354384914696
1108356;18;1,28943430110745
1108356;19;0,493265489374439
1108356;20;0,20832086201736
1108356;21;0,20832086201736
1108356;22;0,106554923675546
1108356;23;0,0945824603412152
1108364;0;1,25937390783364
1108364;1;1,19227120675021
1108364;2;0,739327974437066
1108364;3;0,711767936492086
1108364;4;0,505666783164412
1108364;5;0,469718907584003
1108364;6;0,480503270258126
1108364;7;0,469718907584003
1108364;8;1,18028858155674
1108364;9;1,65839532677617
1108364;10;1,51460382445454
1108364;11;0,638673922811923
1108364;12;0,873533376603924
1108364;13;0,647061760447351
1108364;14;0,575166009286534
1108364;15;0,920265614858455
1108364;16;1,44989764840981
1108364;17;1,25937390783364
1108364;18;1,23900344500474
1108364;19;1,23900344500474
1108364;20;1,23900344500474
1108364;21;1,23900344500474
1108364;22;1,25937390783364
1108364;23;1,23900344500474
1108369;0;0,88755980861244
1108369;1;0,88755980861244
1108369;2;0,88755980861244
1108369;3;0,923444976076555
1108369;4;0,88755980861244
1108369;5;0,95933014354067
1108369;6;1,16746411483254
1108369;7;1,03827751196172
1108369;8;0,997607655502392
1108369;9;0,95933014354067
1108369;10;0,923444976076555
1108369;11;1,12200956937799
1108369;12;1,12200956937799
1108369;13;1,21531100478469
1108369;14;0,997607655502392
1108369;15;1,03827751196172
1108369;16;1,03827751196172
1108369;17;0,997607655502392
1108369;18;1,26315789473684
1108369;19;0,923444976076555
1108369;20;1,16746411483254
1108369;21;0,854066985645933
1108369;22;0,854066985645933
1108369;23;0,88755980861244
1108489;0;0,44860931113548
1108489;1;0,44860931113548
1108489;2;0,492872096500847
1108489;3;0,44860931113548
1108489;4;0,492872096500847
1108489;5;0,546705213837105
1108489;6;0,650782574020536
1108489;7;0,838600338949257
1108489;8;1,60183431362775
1108489;9;1,34582793340644
1108489;10;1,59824543913867
1108489;11;2,10308045060313
1108489;12;1,86860731731632
1108489;13;1,59824543913867
1108489;14;2,27534642607915
1108489;15;1,2884059415811
1108489;16;1,79682982753464
1108489;17;0,997707107965308
1108489;18;0,789552387598445
1108489;19;0,492872096500847
1108489;20;0,492872096500847
1108489;21;0,492872096500847
1108489;22;0,44860931113548
1108489;23;0,441431562157312
1108924;0;0,923536439665472
1108924;1;0,937873357228196
1108924;2;0,923536439665472
1108924;3;0,923536439665472
1108924;4;1,09318996415771
1108924;5;1,19713261648746
1108924;6;1,67025089605735
1108924;7;1,87216248506571
1108924;8;1,37395459976105
1108924;9;1,73835125448029
1108924;10;0,97610513739546
1108924;11;1,14456391875747
1108924;12;0,80884109916368
1108924;13;2,60692951015532
1108924;14;0,428912783751493
1108924;15;0,836320191158901
1108924;16;0,543608124253286
1108924;17;0,54599761051374
1108924;18;0,86857825567503
1108924;19;0,747909199522103
1108924;20;0,836320191158901
1108924;21;0,0477897252090801
1108924;22;0,031063321385902
1108924;23;0,923536439665472
1111670;0;1,04415662349352
1111670;1;1,04415662349352
1111670;2;1,04415662349352
1111670;3;1,04415662349352
1111670;4;1,04415662349352
1111670;5;1,04415662349352
1111670;6;1,00095014252138
1111670;7;0,75251287693154
1111670;8;0,922938440766115
1111670;9;0,934940241036155
1111670;10;0,966144921738261
1111670;11;1,11016652497875
1111670;12;0,896534480172026
1111670;13;0,58088713306996
1111670;14;1,13056958543782
1111670;15;1,08616292443867
1111670;16;1,04415662349352
1111670;17;1,04415662349352
1111670;18;1,04415662349352
1111670;19;1,04415662349352
1111670;20;1,04415662349352
1111670;21;1,04415662349352
1111670;22;1,04415662349352
1111670;23;1,04415662349352
1111671;0;0,484098057816167
1111671;1;0,422986669329472
1111671;2;0,464925857506615
1111671;3;0,535623346148085
1111671;4;0,647061760447351
1111671;5;1,04248839183184
1111671;6;1,81297119177193
1111671;7;2,06580458335414
1111671;8;1,81297119177193
1111671;9;1,2737530580658
1111671;10;1,0616605921414
1111671;11;1,32048529632034
1111671;12;1,21983124469519
1111671;13;0,889110789355435
1111671;14;0,649458285486045
1111671;15;0,730940136801638
1111671;16;1,2174347196565
1111671;17;1,2174347196565
1111671;18;0,907084727145639
1111671;19;1,26536522043038
1111671;20;0,925058664935843
1111671;21;0,775275850017475
1111671;22;0,702181836337311
1111671;23;0,555993808976983
1112295;0;0
1112295;1;0,146641959232734
1112295;2;0,0709170130715681
1112295;3;0,0757249461611659
1112295;4;0
1112295;5;0,0709170130715681
1112295;6;0,525266690038564
1112295;7;1,12505634296589
1112295;8;0,894275554665197
1112295;9;3,14799419041418
1112295;10;2,02293784744829
1112295;11;2,73090599489157
1112295;12;2,20443732158061
1112295;13;2,34146341463415
1112295;14;1,95442480092152
1112295;15;2,37872489607853
1112295;16;1,80658085841639
1112295;17;1,60705163519808
1112295;18;0,603395602744528
1112295;19;0,146641959232734
1112295;20;0
1112295;21;0
1112295;22;0,146641959232734
1112295;23;0
1112299;0;1,79022646007151
1112299;1;2,45053635280095
1112299;2;3,77353992848629
1112299;3;4,08104886769964
1112299;4;1,41597139451728
1112299;5;0,0572109654350417
1112299;6;0,0572109654350417
1112299;7;0,114421930870083
1112299;8;0,114421930870083
1112299;9;0,402860548271752
1112299;10;2,35756853396901
1112299;11;1,25864123957092
1112299;12;0,295589988081049
1112299;13;0,471990464839094
1112299;14;0,471990464839094
1112299;15;0,169249106078665
1112299;16;0,233611442193087
1112299;17;0,0572109654350417
1112299;18;0,0572109654350417
1112299;19;0
1112299;20;0,646007151370679
1112299;21;1,47079856972586
1112299;22;1,25864123957092
1112299;23;0,99404052443385
1112302;0;0,432162809257781
1112302;1;0,433359936153232
1112302;2;1,27853152434158
1112302;3;1,13128491620112
1112302;4;1,68435754189944
1112302;5;0,644054269752594
1112302;6;1,8950518754988
1112302;7;2,9976057462091
1112302;8;0,963687150837989
1112302;9;2,07222665602554
1112302;10;1,77055067837191
1112302;11;0,875099760574621
1112302;12;0,379489225857941
1112302;13;1,68316041500399
1112302;14;1,13727055067837
1112302;15;0,657222665602554
1112302;16;0,590183559457302
1112302;17;0,328012769353551
1112302;18;0,432162809257781
1112302;19;0,590183559457302
1112302;20;0,545889864325618
1112302;21;0,415403032721468
1112302;22;0,577015163607342
1112302;23;0,486033519553073
1114048;0;0,115482933186306
1114048;1;0,0998446193173275
1114048;2;0,110671144303544
1114048;3;0,305548594055436
1114048;4;0,879354418324896
1114048;5;2,42514159691244
1114048;6;1,22219437622174
1114048;7;0,931081148814596
1114048;8;1,5505989674703
1114048;9;1,53977244248409
1114048;10;1,10671144303544
1114048;11;0,591850032579821
1114048;12;1,00446092927673
1114048;13;0,362087113427898
1114048;14;1,27151521227006
1114048;15;0,893789784973184
1114048;16;1,84291514209814
1114048;17;3,1926219237131
1114048;18;1,57586085910481
1114048;19;0,793945165655857
1114048;20;1,06460829031126
1114048;21;0,615908976993634
1114048;22;0,336825221793394
1114048;23;0,167209663676006
1114214;0;5,83654325915577
1114214;1;4,79712603532582
1114214;2;4,61271330206566
1114214;3;0,00718491168546053
1114214;4;0
1114214;5;0
1114214;6;0,0143698233709211
1114214;7;0
1114214;8;0
1114214;9;0
1114214;10;0
1114214;11;0
1114214;12;0
1114214;13;0
1114214;14;0
1114214;15;0
1114214;16;0
1114214;17;0
1114214;18;0
1114214;19;0
1114214;20;0
1114214;21;0
1114214;22;2,66320726474404
1114214;23;6,06885540365233
1114276;0;0,0433647861875125
1114276;1;0,120457739409757
1114276;2;0,236097169243124
1114276;3;0,604697851836981
1114276;4;1,43103794418791
1114276;5;1,54667737402128
1114276;6;0,860068259385666
1114276;7;1,27203372816703
1114276;8;1,37562738405943
1114276;9;0,795021080104397
1114276;10;1,32262597871913
1114276;11;1,73940975707689
1114276;12;1,95864284280265
1114276;13;1,12989359566352
1114276;14;0,17827745432644
1114276;15;0,795021080104397
1114276;16;0,929933748243325
1114276;17;2,89821321019876
1114276;18;0,929933748243325
1114276;19;1,73940975707689
1114276;20;0,966071070066252
1114276;21;0,76370206785786
1114276;22;0,216823930937563
1114276;23;0,146958442079904
1116845;0;0,171900826446281
1116845;1;0,222389181066867
1116845;2;0,140646130728775
1116845;3;0,170698722764838
1116845;4;0,175507137490609
1116845;5;0,793388429752066
1116845;6;1,34515401953418
1116845;7;0,591435011269722
1116845;8;0,824643125469572
1116845;9;0,73328324567994
1116845;10;0,691209616829452
1116845;11;1,1504132231405
1116845;12;1,87768595041322
1116845;13;1,10593538692712
1116845;14;2,72637114951165
1116845;15;0,525319308790383
1116845;16;0,909992486851991
1116845;17;2,24192336589031
1116845;18;2,83576258452292
1116845;19;2,03275732531931
1116845;20;1,22374154770849
1116845;21;1,02659654395192
1116845;22;0,253643876784373
1116845;23;0,229601803155522
1118330;0;0,133957938801954
1118330;1;0,101664507126483
1118330;2;0,169839529552477
1118330;3;0,104056613176517
1118330;4;0,0885079238512907
1118330;5;0,362404066580285
1118330;6;0,497558058407256
1118330;7;0,680554171234925
1118330;8;1,03817402571514
1118330;9;0,718827868035483
1118330;10;4,48639489684043
1118330;11;1,79766769660122
1118330;12;2,50333898136151
1118330;13;1,07525166949068
1118330;14;2,76886275291538
1118330;15;1,45320442539619
1118330;16;1,07764377554072
1118330;17;1,36230439549487
1118330;18;0,885079238512907
1118330;19;0,885079238512907
1118330;20;0,57530150503339
1118330;21;0,532243596132762
1118330;22;0,169839529552477
1118330;23;0,532243596132762
1119403;0;2,28863499699339
1119403;1;1,57546602525556
1119403;2;0,254960914010824
1119403;3;0,063740228502706
1119403;4;0
1119403;5;0,127480457005412
1119403;6;0,311485267588695
1119403;7;0,063740228502706
1119403;8;0,158749248346362
1119403;9;0,0962116656644618
1119403;10;0,0312687913409501
1119403;11;0
1119403;12;0
1119403;13;0,0312687913409501
1119403;14;0,0649428743235117
1119403;15;0,791340950090198
1119403;16;1,35297654840649
1119403;17;3,13168971737823
1119403;18;1,7714972940469
1119403;19;3,73421527360192
1119403;20;2,07336139506915
1119403;21;1,40108238123873
1119403;22;3,58989777510523
1119403;23;1,08598917618761
1119404;0;0,680851063829787
1119404;1;0,480271701128758
1119404;2;0,543402257516732
1119404;3;0,264509040055938
1119404;4;0,441913894715813
1119404;5;0,360403556088303
1119404;6;1,73089601438418
1119404;7;1,07961242633104
1119404;8;1,31055838577565
1119404;9;1,31055838577565
1119404;10;1,52951753071621
1119404;11;3,13814803715912
1119404;12;2,25591848966137
1119404;13;1,10598341823994
1119404;14;0,441913894715813
1119404;15;0,875037458795325
1119404;16;0,672859854160424
1119404;17;0,563380281690141
1119404;18;0,768754370192788
1119404;19;1,15073419238837
1119404;20;0,320447507741484
1119404;21;0,680851063829787
1119404;22;0,783138547597643
1119404;23;1,51033862750974
1119552;0;0,245143200480673
1119552;1;0
1119552;2;0,187462447426397
1119552;3;0,121369917885039
1119552;4;0,121369917885039
1119552;5;0,498698177448428
1119552;6;0,777488483877428
1119552;7;1,0238333667134
1119552;8;0,910875225315442
1119552;9;0,766673342679752
1119552;10;0,742639695573803
1119552;11;1,0226316843581
1119552;12;2,47306228720208
1119552;13;1,99599439214901
1119552;14;3,31423993591027
1119552;15;2,62447426396956
1119552;16;2,77828960544763
1119552;17;1,04546364910875
1119552;18;1,67995193270579
1119552;19;0,862807931103545
1119552;20;0,187462447426397
1119552;21;0,311235730022031
1119552;22;0,187462447426397
1119552;23;0,121369917885039
1119975;0;0,0216911026310504
1119975;1;0,265113476601727
1119975;2;0,860413737698333
1119975;3;0,441052420164692
1119975;4;0,653143201446074
1119975;5;0,37597911227154
1119975;6;0,322956416951195
1119975;7;0,860413737698333
1119975;8;1,48704559148423
1119975;9;1,54729865434826
1119975;10;2,57642096806588
1119975;11;2,7861016268327
1119975;12;3,13556939144406
1119975;13;1,43161277364933
1119975;14;1,95942960433822
1119975;15;1,81000200843543
1119975;16;2,2028519783089
1119975;17;1,08696525406708
1119975;18;0,0554328178349066
1119975;19;0,0337417152038562
1119975;20;0,0216911026310504
1119975;21;0,0216911026310504
1119975;22;0,0216911026310504
1119975;23;0,0216911026310504
1122243;0;0,206012024048096
1122243;1;0,244488977955912
1122243;2;0,375150300601202
1122243;3;0,30060120240481
1122243;4;0,18997995991984
1122243;5;0,942685370741483
1122243;6;1,28016032064128
1122243;7;1,70260521042084
1122243;8;1,48376753507014
1122243;9;2,37194388777555
1122243;10;1,40521042084168
1122243;11;2,18597194388778
1122243;12;1,90701402805611
1122243;13;1,65370741482966
1122243;14;1,71382765531062
1122243;15;1,44128256513026
1122243;16;1,3811623246493
1122243;17;1,15190380761523
1122243;18;1,11342685370741
1122243;19;0,187575150300601
1122243;20;0,190781563126252
1122243;21;0,185971943887776
1122243;22;0,197194388777555
1122243;23;0,187575150300601
1122968;0;0,825594223247418
1122968;1;1,04462942533347
1122968;2;0,334570253735834
1122968;3;0,134790893591415
1122968;4;0,091465249222746
1122968;5;0,392337779560726
1122968;6;0,129976933106007
1122968;7;0,375488917861799
1122968;8;2,67656202988667
1122968;9;3,3866212014843
1122968;10;1,8798515695517
1122968;11;2,78246916056564
1122968;12;2,89559723197272
1122968;13;2,57306187945041
1122968;14;2,11573563333668
1122968;15;0,361047036405576
1122968;16;0,00962792097081537
1122968;17;0,170895597231973
1122968;18;0,0192558419416307
1122968;19;0,166081636746565
1122968;20;0,166081636746565
1122968;21;0,108314110921673
1122968;22;0,0890582689800421
1122968;23;1,27088556814763
1122971;0;0,651442307692308
1122971;1;0,664663461538462
1122971;2;0,677884615384615
1122971;3;0,691105769230769
1122971;4;0,705528846153846
1122971;5;0,860576923076923
1122971;6;1,33533653846154
1122971;7;1,28125
1122971;8;1,80649038461538
1122971;9;1,89182692307692
1122971;10;1,24519230769231
1122971;11;1,34615384615385
1122971;12;0,983173076923077
1122971;13;1,12860576923077
1122971;14;1,42067307692308
1122971;15;1,24639423076923
1122971;16;0,963942307692308
1122971;17;0,704326923076923
1122971;18;0,858173076923077
1122971;19;0,762019230769231
1122971;20;0,639423076923077
1122971;21;0,793269230769231
1122971;22;0,651442307692308
1122971;23;0,691105769230769
1123264;0;0,615015015015015
1123264;1;0,396396396396396
1123264;2;0,415615615615616
1123264;3;0,018018018018018
1123264;4;0,00720720720720721
1123264;5;0,00720720720720721
1123264;6;1,99159159159159
1123264;7;0,456456456456456
1123264;8;1,32012012012012
1123264;9;1,11471471471471
1123264;10;1,99399399399399
1123264;11;2,12612612612613
1123264;12;3,04144144144144
1123264;13;0,874474474474474
1123264;14;0,0288288288288288
1123264;15;0,00720720720720721
1123264;16;0,0720720720720721
1123264;17;1,04264264264264
1123264;18;1,54234234234234
1123264;19;2,07087087087087
1123264;20;3,58558558558559
1123264;21;1,14954954954955
1123264;22;0,122522522522523
1123264;23;0
1124530;0;0,407553974853479
1124530;1;0,424385112458047
1124530;2;1,02309272153484
1124530;3;1,27676200971798
1124530;4;0,468867404698693
1124530;5;0,407553974853479
1124530;6;1,19380854580975
1124530;7;1,31403095727095
1124530;8;1,43184892050293
1124530;9;1,1986174422682
1124530;10;1,598958072434
1124530;11;1,57371136602715
1124530;12;1,67109151931072
1124530;13;1,44507338576366
1124530;14;1,81295396483494
1124530;15;1,54966688373491
1124530;16;1,74202274207283
1124530;17;1,04593497971247
1124530;18;0,391925061363523
1124530;19;0,407553974853479
1124530;20;0,407553974853479
1124530;21;0,407553974853479
1124530;22;0,407553974853479
1124530;23;0,391925061363523
1126334;0;0,0949376596064293
1126334;1;0,0949376596064293
1126334;2;0,623704371338441
1126334;3;0,56121375995193
1126334;4;0,602073005858495
1126334;5;0,623704371338441
1126334;6;0,602073005858495
1126334;7;0,951780081117621
1126334;8;2,94907616043263
1126334;9;1,38200390566321
1126334;10;2,02373441490161
1126334;11;0,56121375995193
1126334;12;1,71849181312904
1126334;13;1,64398377647589
1126334;14;2,40588853838065
1126334;15;1,33633768964999
1126334;16;1,732912723449
1126334;17;1,23539131741024
1126334;18;1,23539131741024
1126334;19;1,14285714285714
1126334;20;0,0949376596064293
1126334;21;0,0949376596064293
1126334;22;0,0949376596064293
1126334;23;0,19348054679285
1129187;0;0,067968281468648
1129187;1;0,0695675351502632
1129187;2;0,0639701472646099
1129187;3;0,0639701472646099
1129187;4;0,722063037249284
1129187;5;0,661291397347904
1129187;6;1,85193576331045
1129187;7;0,781235423469048
1129187;8;3,84780435796628
1129187;9;1,9614846405011
1129187;10;1,59125741320717
1129187;11;2,96261744519224
1129187;12;0,489371626574265
1129187;13;3,51595921903112
1129187;14;2,1086159792097
1129187;15;2,0878256813487
1129187;16;0,287865662690744
1129187;17;0,162324248683947
1129187;18;0,158326114479909
1129187;19;0,0743652961951089
1129187;20;0,209502232291597
1129187;21;0,0767641767175318
1129187;22;0,112747384553875
1129187;23;0,0711667888318784
1129193;0;2,42290969063921
1129193;1;0,383827277725024
1129193;2;0,25668449197861
1129193;3;0,152331450847119
1129193;4;0,440201909140887
1129193;5;0,508571142985656
1129193;6;0,887600579739117
1129193;7;0,689689639662152
1129193;8;0,61772202508871
1129193;9;0,569743615373082
1129193;10;0,762856714478485
1129193;11;0,548153331001049
1129193;12;0,65250637213254
1129193;13;2,89429756609526
1129193;14;0,362236993352991
1129193;15;1,06632015592983
1129193;16;1,1994602428907
1129193;17;3,45924334049678
1129193;18;1,02553850767155
1129193;19;1,34939277325204
1129193;20;1,06632015592983
1129193;21;1,69963516417612
1129193;22;0,638112849217852
1129193;23;0,346644010195412
1129457;0;0,185281732504512
1129457;1;0,216563063966312
1129457;2;0,274313214357329
1129457;3;0,231000601564067
1129457;4;0,558251453779828
1129457;5;1,91778624423501
1129457;6;1,84319229997995
1129457;7;1,67234810507319
1129457;8;1,12853418889112
1129457;9;1,84319229997995
1129457;10;2,78163224383397
1129457;11;1,5760978544215
1129457;12;1,1983156206136
1129457;13;1,37397232805294
1129457;14;1,00340886304391
1129457;15;1,37397232805294
1129457;16;1,08522157609785
1129457;17;0,984158812913575
1129457;18;1,32103469019451
1129457;19;0,399438540204532
1129457;20;0,310407058351714
1129457;21;0,216563063966312
1129457;22;0,231000601564067
1129457;23;0,274313214357329
1129529;0;0,0180931798763633
1129529;1;0,0253304518269086
1129529;2;0
1129529;3;0,00844348394230286
1129529;4;0,0434236317032719
1129529;5;0,00964969593406041
1129529;6;0,125446047142785
1129529;7;1,06749761270543
1129529;8;1,68145951651003
1129529;9;1,88651555510881
1129529;10;3,89485852138513
1129529;11;2,16273810122129
1129529;12;3,89485852138513
1129529;13;0,796099914559984
1129529;14;0,265366638186661
1129529;15;0,52711464039805
1129529;16;0,194200130672966
1129529;17;0,986681409257677
1129529;18;2,52942654671559
1129529;19;1,37870030657888
1129529;20;0,949288837513193
1129529;21;1,49449665778761
1129529;22;0
1129529;23;0,0603105995878776
1129922;0;0,0743950403306446
1129922;1;0,117592160522632
1129922;2;0,147990133991067
1129922;3;0,364775681621225
1129922;4;0,4511699220052
1129922;5;0,451969868675422
1129922;6;0,659956002933138
1129922;7;0,881541230584628
1129922;8;1,48230117992134
1129922;9;1,97986800879941
1129922;10;1,4591027264849
1129922;11;2,0374641690554
1129922;12;1,26551563229118
1129922;13;1,30791280581295
1129922;14;1,18952069862009
1129922;15;0,927938137457503
1129922;16;1,55909606026265
1129922;17;2,09026064929005
1129922;18;2,69662022531831
1129922;19;0,511965868942071
1129922;20;0,802346510232651
1129922;21;1,00393307112859
1129922;22;0,215185654289714
1129922;23;0,321578561429238
1129999;0;0,0227840511641851
1129999;1;0,0239832117517738
1129999;2;0,0491655840911362
1129999;3;0,0275806935145398
1129999;4;0,494054162086539
1129999;5;0,876586389527331
1129999;6;1,66683321674828
1129999;7;1,57809533326671
1129999;8;2,73288697911462
1129999;9;2,49665234335965
1129999;10;2,24003197761567
1129999;11;2,16688318177276
1129999;12;1,60567602678125
1129999;13;2,51943639452383
1129999;14;1,06245628060358
1129999;15;0,504846607374838
1129999;16;1,45458179274508
1129999;17;0,733886279604277
1129999;18;0,440091935645049
1129999;19;0,200259818127311
1129999;20;0,218247226941141
1129999;21;0,200259818127311
1129999;22;0,254222044568802
1129999;23;0,430498650944339
1130033;0;1,32084731333567
1130033;1;0,24518002904502
1130033;2;0,569683008663428
1130033;3;1,24633181431218
1130033;4;2,64169462667134
1130033;5;2,19940908408032
1130033;6;1,77394962191397
1130033;7;1,13816415443938
1130033;8;0,341329060043067
1130033;9;0,176673844458911
1130033;10;0,167058941359107
1130033;11;0,124993740297461
1130033;12;0,290850818769092
1130033;13;0,289648955881617
1130033;14;0,247583754819971
1130033;15;0,457909760128199
1130033;16;1,60689068055486
1130033;17;1,32084731333567
1130033;18;1,17422004106365
1130033;19;1,32084731333567
1130033;20;2,47343382242476
1130033;21;0,858130101657569
1130033;22;0,793229505733888
1130033;23;1,2210926936752
1130200;0;0,129289704708699
1130200;1;0,512370311252993
1130200;2;0,129289704708699
1130200;3;0,129289704708699
1130200;4;0,129289704708699
1130200;5;0,790103750997606
1130200;6;0,924181963288109
1130200;7;1,53711093375898
1130200;8;2,10454908220271
1130200;9;2,10454908220271
1130200;10;2,36791699920192
1130200;11;2,76775738228252
1130200;12;1,94652833200319
1130200;13;1,42218675179569
1130200;14;1,66400638467678
1130200;15;1,42218675179569
1130200;16;1,31444533120511
1130200;17;0,790103750997606
1130200;18;0,390263367916999
1130200;19;0,512370311252993
1130200;20;0,390263367916999
1130200;21;0,129289704708699
1130200;22;0,263367916999202
1130200;23;0,129289704708699
1130370;0;0,0816898588447292
1130370;1;0,158574431875063
1130370;2;0,0528581439583542
1130370;3;0,0528581439583542
1130370;4;0,422865151666834
1130370;5;1,22054259685654
1130370;6;1,0427470217239
1130370;7;2,56842526779457
1130370;8;3,38051857042747
1130370;9;0,557413154469917
1130370;10;0,0816898588447292
1130370;11;0,158574431875063
1130370;12;0,732806086695365
1130370;13;0,297927720492542
1130370;14;0,0528581439583542
1130370;15;0,297927720492542
1130370;16;1,12683952347582
1130370;17;2,28491340474522
1130370;18;2,11192311542697
1130370;19;0,348383221543698
1130370;20;0,264290719791771
1130370;21;0,557413154469917
1130370;22;5,41315446991691
1130370;23;0,732806086695365
1130774;0;0,0349906993112463
1130774;1;0,0301643959579709
1130774;2;0,0325775476346086
1130774;3;0,0301643959579709
1130774;4;0,878387210296114
1130774;5;0,541752551405158
1130774;6;1,61319189583229
1130774;7;1,02679603840933
1130774;8;3,40616359157408
1130774;9;3,09245387361118
1130774;10;1,98602382987281
1130774;11;3,02126589915037
1130774;12;1,61319189583229
1130774;13;2,79322306570811
1130774;14;2,38781358403298
1130774;15;1,13297471218139
1130774;16;0,143582524759942
1130774;17;0,0349906993112463
1130774;18;0,0349906993112463
1130774;19;0,0349906993112463
1130774;20;0,0349906993112463
1130774;21;0,0301643959579709
1130774;22;0,0349906993112463
1130774;23;0,0301643959579709
1130779;0;0,854152128401954
1130779;1;0,854152128401954
1130779;2;0,854152128401954
1130779;3;0,854152128401954
1130779;4;0,88764829030007
1130779;5;0,959425780081747
1130779;6;1,21543216030306
1130779;7;1,31352806300469
1130779;8;1,26328382015751
1130779;9;1,26328382015751
1130779;10;1,07905492971787
1130779;11;1,16758050044861
1130779;12;1,03838101884159
1130779;13;1,03838101884159
1130779;14;0,959425780081747
1130779;15;0,959425780081747
1130779;16;0,959425780081747
1130779;17;0,997707107965308
1130779;18;1,03838101884159
1130779;19;0,959425780081747
1130779;20;0,88764829030007
1130779;21;0,88764829030007
1130779;22;0,854152128401954
1130779;23;0,854152128401954
1130787;0;0
1130787;1;0,284930413528209
1130787;2;0
1130787;3;0,284930413528209
1130787;4;0,284930413528209
1130787;5;0,284930413528209
1130787;6;0,720706340100763
1130787;7;1,27500374120816
1130787;8;0,972115528508006
1130787;9;1,42225769441812
1130787;10;3,37127749787998
1130787;11;3,143812041702
1130787;12;2,56197934853095
1130787;13;2,09507657006036
1130787;14;1,51922980994663
1130787;15;1,67845562927121
1130787;16;0,984087394622637
1130787;17;0,55908614755325
1130787;18;0,854791240584626
1130787;19;0
1130787;20;0,566269267222028
1130787;21;0,284930413528209
1130787;22;0,566269267222028
1130787;23;0,284930413528209
1130788;0;0,533581841176862
1130788;1;0,00639020169074086
1130788;2;3,61046395526859
1130788;3;4,37888570858018
1130788;4;1,78126872129402
1130788;5;0
1130788;6;0,536776942022233
1130788;7;0,536776942022233
1130788;8;0,00159755042268522
1130788;9;0,535179391599547
1130788;10;0,00159755042268522
1130788;11;1,0855355122146
1130788;12;0,538374492444918
1130788;13;0,00159755042268522
1130788;14;0,535179391599547
1130788;15;0,00159755042268522
1130788;16;0,536776942022233
1130788;17;0,00159755042268522
1130788;18;0,535179391599547
1130788;19;0,00319510084537043
1130788;20;1,08074286094655
1130788;21;0,00319510084537043
1130788;22;3,86127937163017
1130788;23;3,89323038008387
1131600;0;0
1131600;1;0
1131600;2;0
1131600;3;1,65739268680445
1131600;4;0
1131600;5;0
1131600;6;1,30922098569157
1131600;7;3,48887122416534
1131600;8;0,920508744038156
1131600;9;0,0500794912559618
1131600;10;1,47138314785374
1131600;11;3,10254372019078
1131600;12;6,28378378378378
1131600;13;1,21144674085851
1131600;14;0,698728139904611
1131600;15;0,920508744038156
1131600;16;0,102543720190779
1131600;17;0,200317965023847
1131600;18;2,17965023847377
1131600;19;0,40302066772655
1131600;20;0
1131600;21;0
1131600;22;0
1131600;23;0
1394419;0;0,728287408440879
1394419;1;0,337236533957845
1394419;2;0,325277791618915
1394419;3;0,375504509442424
1394419;4;0,216453236334645
1394419;5;0,353978773232348
1394419;6;0,406597239523643
1394419;7;0,522597040211271
1394419;8;0,877771687677513
1394419;9;4,88634211968708
1394419;10;3,32453037022273
1394419;11;3,51108675071005
1394419;12;0,426927101499826
1394419;13;0,394638497184713
1394419;14;0,240370721012507
1394419;15;0,426927101499826
1394419;16;0,779710000498281
1394419;17;0,972245752155065
1394419;18;1,55583237829488
1394419;19;2,12865613632966
1394419;20;0,21047386516518
1394419;21;0,450844586177687
1394419;22;0,21047386516518
1394419;23;0,337236533957845
1394555;0;0
1394555;1;0
1394555;2;0
1394555;3;0
1394555;4;0
1394555;5;0
1394555;6;0,059591796196057
1394555;7;1,41590107761831
1394555;8;2,53741868202811
1394555;9;2,48140239360381
1394555;10;2,02135372697025
1394555;11;2,10239856979689
1394555;12;2,89377762328053
1394555;13;1,00710135571336
1394555;14;0,855738193375379
1394555;15;1,10125639370313
1394555;16;1,82589263544719
1394555;17;1,82589263544719
1394555;18;0,741321944678949
1394555;19;2,40393305854894
1394555;20;0,634056711526047
1394555;21;0,0929632020658489
1394555;22;0
1394555;23;0
1395776;0;0,0191463901076984
1395776;1;0
1395776;2;0,055045871559633
1395776;3;0,00957319505384922
1395776;4;0,00957319505384922
1395776;5;0,0191463901076984
1395776;6;0,665337056242521
1395776;7;1,54248105305146
1395776;8;2,20303151176705
1395776;9;2,46868767451137
1395776;10;2,37415237335461
1395776;11;2,9461507778221
1395776;12;1,73035500598325
1395776;13;2,41364180295174
1395776;14;2,14559234144396
1395776;15;2,50937375349023
1395776;16;1,83326685281213
1395776;17;0,978859194256083
1395776;18;0,0191463901076984
1395776;19;0,0191463901076984
1395776;20;0,0191463901076984
1395776;21;0
1395776;22;0,0191463901076984
1395776;23;0
1397455;0;0,266118107470774
1397455;1;0,261301490140986
1397455;2;0,251668255481411
1397455;3;0,287792885454819
1397455;4;0,491294967638352
1397455;5;2,35532587426622
1397455;6;1,14394661582459
1397455;7;1,81586473332999
1397455;8;1,81586473332999
1397455;9;3,53539712006422
1397455;10;3,268074858261
1397455;11;1,27519943806131
1397455;12;1,35467362400281
1397455;13;1,55215493452411
1397455;14;0,797150168079875
1397455;15;1,37875671065175
1397455;16;0,287792885454819
1397455;17;0,266118107470774
1397455;18;0,266118107470774
1397455;19;0,266118107470774
1397455;20;0,261301490140986
1397455;21;0,279363805127691
1397455;22;0,261301490140986
1397455;23;0,261301490140986
1399801;0;0,0103651041493638
1399801;1;0,155476562240457
1399801;2;0,164247034982227
1399801;3;0
1399801;4;0
1399801;5;0,00877047274176938
1399801;6;0,377130327896083
1399801;7;2,71804923424471
1399801;8;4,74004185907445
1399801;9;2,4357994751005
1399801;10;1,47264210491346
1399801;11;1,87129995681207
1399801;12;0,625892827480815
1399801;13;0,776585495498488
1399801;14;1,33071990963755
1399801;15;1,3187601740806
1399801;16;0,550945151323876
1399801;17;0,0398657851898608
1399801;18;0,147503405202485
1399801;19;0,112421514235407
1399801;20;0,0526228364506163
1399801;21;1,72698581442477
1399801;22;3,36387495432045
1399801;23;0
1405536;0;4,62656390751676
1405536;1;4,44880392353118
1405536;2;3,95395856270644
1405536;3;1,4268841957762
1405536;4;0
1405536;5;0
1405536;6;0
1405536;7;0
1405536;8;0
1405536;9;0
1405536;10;0
1405536;11;0
1405536;12;0
1405536;13;0
1405536;14;0
1405536;15;0
1405536;16;0
1405536;17;0
1405536;18;0
1405536;19;0
1405536;20;0
1405536;21;1,3187869082174
1405536;22;4,11250125112601
1405536;23;4,11250125112601
1406237;0;0
1406237;1;0
1406237;2;0
1406237;3;0
1406237;4;0
1406237;5;0
1406237;6;0,0479448634070819
1406237;7;0,359586475553114
1406237;8;3,55271437846477
1406237;9;4,38695500174799
1406237;10;2,20666233831094
1406237;11;5,389002646956
1406237;12;2,06162912650452
1406237;13;3,88712980072916
1406237;14;1,54981770963392
1406237;15;0,28407331568696
1406237;16;0,0647255655995605
1406237;17;0,0479448634070819
1406237;18;0,0167807021924786
1406237;19;0
1406237;20;0
1406237;21;0
1406237;22;0,0803076462068621
1406237;23;0,0647255655995605
1414837;0;0
1414837;1;0
1414837;2;0
1414837;3;0
1414837;4;0
1414837;5;0
1414837;6;0
1414837;7;0
1414837;8;0
1414837;9;11,9076092390761
1414837;10;0,285571442855714
1414837;11;11,8068193180682
1414837;12;0
1414837;13;0
1414837;14;0
1414837;15;0
1414837;16;0
1414837;17;0
1414837;18;0
1414837;19;0
1414837;20;0
1414837;21;0
1414837;22;0
1414837;23;0
